id,name,product_group_name,store_name,location,asset_number,serial_number,weight,replacement_charge,quantity_held,asset_replacement_value,purchase_price,effective_date,written_off,sold
1021,100m 4 Core ST-ST Drum,Cable,LDMtv,"",T16-042,T16-042,3.0,473.0,1.0,473.0,473.0,2024-12-03 00:00:00 UTC,,
1463,100m Green XLR Drum,Cable,LDMtv,"",T16-028,"",5.0,250.0,1.0,250.0,250.0,2024-12-19 00:00:00 UTC,,
1464,100m Green XLR Drum,Cable,LDMtv,"",T16-030,"",5.0,250.0,1.0,250.0,250.0,2024-12-19 00:00:00 UTC,,
73,10m SMPTE Cable,Cable,LDMtv,"",5369020/1,"",3.0,639.0,1.0,639.0,639.0,2023-08-24 23:00:00 UTC,,
74,10m SMPTE Cable,Cable,LDMtv,"",5369022,"",3.0,639.0,1.0,639.0,639.0,2023-08-24 23:00:00 UTC,,
1461,150m Green XLR Drum,Cable,LDMtv,"",T16-029,"",10.0,425.0,1.0,425.0,425.0,2024-12-19 00:00:00 UTC,,
1462,150m Green XLR Drum,Cable,LDMtv,"",T16-031,"",10.0,425.0,1.0,425.0,425.0,2024-12-19 00:00:00 UTC,,
407,25m SMPTE Cable,Cable,LDMtv,"","","",5.0,939.0,5.0,4695.0,939.0,2023-08-26 23:00:00 UTC,,
1842,FCT-FC & FCT-FCLB SMPTE Cable Checker,Cable,LDMtv,"",LDM1108,OCJAA-00233,1.55,0.0,1.0,0.0,0.0,2020-06-24 23:00:00 UTC,,
1843,FCT-FC & FCT-FCLB SMPTE Cable Checker,Cable,LDMtv,"",LDM1111,OCJAB-00233,1.55,0.0,1.0,0.0,0.0,2020-06-24 23:00:00 UTC,,
671,IEC Cable,Cable,LDMtv,Grey Bins,"","",0.1,9.5,40.0,380.0,5.0,2023-11-19 00:00:00 UTC,,
1341,Large Studio Desk,Cable,LDMtv,"","","",0.0,699.0,5.0,3495.0,699.0,2020-12-17 00:00:00 UTC,,
1274,Opti Quad to 4 ST cable,Cable,LDMtv,"",5368938,"",2.0,400.0,1.0,400.0,400.0,2024-12-16 00:00:00 UTC,,
1273,Opti Quad to 4 ST cable,Cable,LDMtv,"",5369040,"",2.0,400.0,1.0,400.0,400.0,2024-12-16 00:00:00 UTC,,
1276,Opti Quad to 4 ST cable,Cable,LDMtv,"",5369053,"",2.0,400.0,1.0,400.0,400.0,2024-12-16 00:00:00 UTC,,
1275,Opti Quad to 4 ST cable,Cable,LDMtv,"",5369054,"",2.0,400.0,1.0,400.0,400.0,2024-12-16 00:00:00 UTC,,
2017,Power Supply,Cable,LDMtv,"","","",0.0,0.0,20.0,0.0,0.0,2025-05-28 23:00:00 UTC,,
1366,1TB Extreme Pro Portable SSD,Cameras,LDMtv,"",3144,2231F7403042,0.15,121.99,1.0,121.99,121.99,2024-12-17 00:00:00 UTC,,
1367,1TB Extreme Pro Portable SSD,Cameras,LDMtv,"",3145,2231F7402911,0.15,121.99,1.0,121.99,121.99,2024-12-17 00:00:00 UTC,,
1368,1TB Extreme Pro Portable SSD,Cameras,LDMtv,"",3146,2231F7400133,0.15,121.99,1.0,121.99,121.99,2024-12-17 00:00:00 UTC,,
292,ATEM Talkback Converter 4K,Cameras,LDMtv,V16,3069,10108217,2.3,2399.0,1.0,2399.0,2399.0,2023-08-24 23:00:00 UTC,,
1347,BH50-P54 Lens,Cameras,LDMtv,"",3128,"",1.0,440.0,1.0,440.0,440.0,2024-12-17 00:00:00 UTC,,
395,Box Lens,Cameras,LDMtv,"","","",26.6,100000.0,0.0,0.0,0.0,2024-10-09 23:00:00 UTC,,
284,Camera Fiber Converter,Cameras,LDMtv,K3,3083,10250457,1.85,2777.0,1.0,2777.0,2777.0,2023-08-24 23:00:00 UTC,,
1817,Camera Fiber Converter,Cameras,LDMtv,"",3203,11171338,1.85,2777.0,1.0,2777.0,2777.0,2020-05-11 23:00:00 UTC,,
1818,Camera Fiber Converter,Cameras,LDMtv,"",3220,11212657,1.85,2777.0,1.0,2777.0,2777.0,2020-05-11 23:00:00 UTC,,
568,Clip-On 4 Transmitter,Cameras,LDMtv,A2,LDM1795,201,1.1,8661.0,1.0,8661.0,8661.0,2024-08-15 23:00:00 UTC,,
569,Clip-On 4 Transmitter,Cameras,LDMtv,A2,LDM1796,8141262,1.1,8661.0,1.0,8661.0,8661.0,2024-08-15 23:00:00 UTC,,
808,Commentary Camera Kit,Cameras,LDMtv,K4,5368892,5368892,8.2,289.0,1.0,289.0,289.0,2024-11-29 00:00:00 UTC,,
1335,CV504,Cameras,LDMtv,"",LDM1397,15522001DK0372,0.3,456.0,1.0,456.0,456.0,2024-12-17 00:00:00 UTC,,
34,Design URSA Viewfinder,Cameras,LDMtv,"",3021,9727371,0.65,1339.0,1.0,1339.0,1339.0,2023-08-23 23:00:00 UTC,,
35,Design URSA Viewfinder,Cameras,LDMtv,L3,3022,9729511,0.65,1339.0,1.0,1339.0,1339.0,2023-08-23 23:00:00 UTC,,
87,Design URSA Viewfinder,Cameras,LDMtv,L3,3023,9728234,0.65,1339.0,1.0,1339.0,1339.0,2023-08-23 23:00:00 UTC,,
36,Design URSA Viewfinder,Cameras,LDMtv,L3,3043,9841949,0.65,1339.0,1.0,1339.0,1339.0,2023-08-23 23:00:00 UTC,,
88,Design URSA Viewfinder,Cameras,LDMtv,"",3087,2913288,0.65,1339.0,1.0,1339.0,1339.0,2023-08-23 23:00:00 UTC,,
240,Focus Demand,Cameras,LDMtv,"",3009,9482187,0.6,199.0,1.0,199.0,199.0,2023-08-23 23:00:00 UTC,,
41,Focus Demand,Cameras,LDMtv,L3,3010,9482434,0.6,199.0,1.0,199.0,199.0,2023-08-23 23:00:00 UTC,,
43,FPD-400D,Cameras,LDMtv,L3,3053,50F967,0.9,894.0,1.0,894.0,894.0,2023-08-23 23:00:00 UTC,,
44,FPD-400D,Cameras,LDMtv,L3,3058,50F970,0.9,894.0,1.0,894.0,894.0,2023-08-23 23:00:00 UTC,,
246,FPD-400D,Cameras,LDMtv,"",3064,104002,0.9,894.0,1.0,894.0,894.0,2023-08-23 23:00:00 UTC,,
47,FSD-11,Cameras,LDMtv,"",3026,"",0.5,1161.5,1.0,1161.5,1161.5,2023-08-23 23:00:00 UTC,,
440,FSD-11,Cameras,LDMtv,"",3027,"",0.5,1161.5,1.0,1161.5,1161.5,2024-03-06 00:00:00 UTC,,
441,FSD-11,Cameras,LDMtv,L3,3033,"",0.5,1161.5,1.0,1161.5,1161.5,2024-03-06 00:00:00 UTC,,
1984,HDC 3100 Camera,Cameras,LDMtv,"",LDM1883,13734,5.0,16000.0,1.0,16000.0,0.0,2026-03-07 00:00:00 UTC,,
1378,Hero 11 Black Mini,Cameras,LDMtv,Prod,3150,"",0.4,230.0,1.0,230.0,230.0,2024-12-17 00:00:00 UTC,,
361,H-ES12060,Cameras,LDMtv,"",3080,"",0.2,800.0,1.0,800.0,800.0,2023-08-24 23:00:00 UTC,,
362,H-ES12060,Cameras,LDMtv,"",3081,"",0.2,800.0,1.0,800.0,800.0,2023-08-24 23:00:00 UTC,,
363,H-HSA12035,Cameras,LDMtv,"",3079,"",0.2,600.0,1.0,600.0,600.0,2023-08-24 23:00:00 UTC,,
55,HJ14ex4.3B IRSE,Cameras,LDMtv,"",3042,011131DM,1.99,12995.0,1.0,12995.0,12995.0,2023-08-23 23:00:00 UTC,,
1987,HJ14ex4.3B IRSE,Cameras,LDMtv,"",3169,206071EO,1.99,12995.0,1.0,12995.0,12995.0,2026-03-07 00:00:00 UTC,,
1493,J11ax4.5B,Cameras,LDMtv,Etihad RF Cams,3062,10324,2.0,0.0,1.0,0.0,0.0,2020-01-03 00:00:00 UTC,,
1494,J11ex4.5B,Cameras,LDMtv,Etihad RF Cams,3060,20810304,1.83,0.0,1.0,0.0,0.0,2020-01-03 00:00:00 UTC,,
56,KJ17ex7.7B IASE 2S,Cameras,LDMtv,"",3061,62810332,1.9,5995.0,1.0,5995.0,5995.0,2023-08-23 23:00:00 UTC,,
368,Kraken X Headset,Cameras,LDMtv,"",3014,"",0.2,30.0,1.0,30.0,30.0,2023-08-24 23:00:00 UTC,,
369,Kraken X Headset,Cameras,LDMtv,"",3015,"",0.2,30.0,1.0,30.0,30.0,2023-08-24 23:00:00 UTC,,
370,Kraken X Headset,Cameras,LDMtv,"",3016,"",0.2,30.0,1.0,30.0,30.0,2023-08-24 23:00:00 UTC,,
371,Kraken X Headset,Cameras,LDMtv,"",3017,"",0.2,30.0,0.0,0.0,30.0,2023-08-24 23:00:00 UTC,1.0,
372,Kraken X Headset,Cameras,LDMtv,"",3018,AC2141D10117893,0.2,30.0,1.0,30.0,30.0,2023-08-24 23:00:00 UTC,,
373,Kraken X Headset,Cameras,LDMtv,"",3019,AC2141D10117890,0.2,30.0,1.0,30.0,30.0,2023-08-24 23:00:00 UTC,,
374,Kraken X Headset,Cameras,LDMtv,"",3020,AC2141D10111528,0.2,30.0,1.0,30.0,30.0,2023-08-24 23:00:00 UTC,,
613,Kraken X Headset,Cameras,LDMtv,"",3105,AC2319D11604325,0.2,30.0,1.0,30.0,30.0,2024-10-16 23:00:00 UTC,,
571,L3421 Antenna,Cameras,LDMtv,"",LDM5369017,321625,0.2,288.0,1.0,288.0,288.0,2024-08-19 23:00:00 UTC,,
570,L3421 Antenna,Cameras,LDMtv,"",LDM5369018,320864,0.2,288.0,1.0,288.0,288.0,2024-08-19 23:00:00 UTC,,
57,LA16x8BRM-XB1A,Cameras,LDMtv,N3,3045,F62003176,1.65,3848.1,1.0,3848.1,3848.1,2023-08-23 23:00:00 UTC,,
323,LA16x8BRM-XB1A,Cameras,LDMtv,"",3056,F62003268,1.65,3848.1,1.0,3848.1,3848.1,2023-08-24 23:00:00 UTC,,
298,Micro Studio Camera 4K,Cameras,LDMtv,"",3088,3592653,0.31,1200.0,1.0,1200.0,1289.0,2023-08-24 23:00:00 UTC,,
1206,Mini Camera,Cameras,LDMtv,"",LDM1439,D7106632,0.1,350.0,1.0,350.0,350.0,2024-12-10 00:00:00 UTC,,
1205,Mini Camera,Cameras,LDMtv,"",LDM1440,D7106636,0.1,350.0,1.0,350.0,350.0,2024-12-10 00:00:00 UTC,,
1023,Mini Camera,Cameras,LDMtv,C3,LDM1573,LDM1573,0.1,350.0,1.0,350.0,350.0,2024-12-09 00:00:00 UTC,,
299,Pocket Cinema Camera 4K,Cameras,LDMtv,"",3076,10324463,0.72,1111.0,1.0,1111.0,1111.0,2023-08-24 23:00:00 UTC,,
300,Pocket Cinema Camera 4K,Cameras,LDMtv,"",3077,10449008,0.72,1111.0,1.0,1111.0,1111.0,2023-08-24 23:00:00 UTC,,
301,Pocket Cinema Camera 4K,Cameras,LDMtv,"",3078,10324545,0.72,1111.0,1.0,1111.0,1111.0,2023-08-24 23:00:00 UTC,,
1985,RCP 3500,Cameras,LDMtv,"",LDM 1884,119763,1.7,2200.0,1.0,2200.0,0.0,2026-03-07 00:00:00 UTC,,
614,SC206,Cameras,LDMtv,L4,3106,"",2.9,199.0,1.0,199.0,199.0,2024-10-16 23:00:00 UTC,,
615,SC206,Cameras,LDMtv,"",3107,"",2.9,199.0,1.0,199.0,199.0,2024-10-16 23:00:00 UTC,,
616,SC206,Cameras,LDMtv,"",3108,"",2.9,199.0,1.0,199.0,199.0,2024-10-16 23:00:00 UTC,,
617,SC206,Cameras,LDMtv,"",3109,"",2.9,199.0,1.0,199.0,199.0,2024-10-16 23:00:00 UTC,,
618,SC206,Cameras,LDMtv,"",3110,"",2.9,199.0,1.0,199.0,199.0,2024-10-16 23:00:00 UTC,,
53,SMPTE BackBox,Cameras,LDMtv,"",3070,"",0.5,600.0,1.0,600.0,600.0,2023-08-23 23:00:00 UTC,,
63,SMPTE BackBox,Cameras,LDMtv,"",3071,"",0.5,600.0,1.0,600.0,600.0,2023-08-24 23:00:00 UTC,,
62,SMPTE BackBox,Cameras,LDMtv,"",3072,"",0.5,600.0,1.0,600.0,600.0,2023-08-24 23:00:00 UTC,,
54,SMPTE BackBox,Cameras,LDMtv,"",3073,"",0.5,600.0,1.0,600.0,600.0,2023-08-23 23:00:00 UTC,,
612,SMPTE Power Supply,Cameras,LDMtv,"",3111,"",5.0,2100.0,1.0,2100.0,2100.0,2024-10-16 23:00:00 UTC,,
48,SRD-92B,Cameras,LDMtv,"",3028,"",0.5,1161.5,1.0,1161.5,1161.5,2023-08-23 23:00:00 UTC,,
442,SRD-92B,Cameras,LDMtv,"",3029,"",0.5,1161.5,1.0,1161.5,1161.5,2024-03-06 00:00:00 UTC,,
443,SRD-92B,Cameras,LDMtv,L3,3034,"",0.5,1161.5,1.0,1161.5,1161.5,2024-03-06 00:00:00 UTC,,
482,Studio Camera 2,Cameras,LDMtv,"",3100,3514426,1.38,1100.0,1.0,1100.0,1100.0,2024-04-02 23:00:00 UTC,,
1819,Studio Fiber Converter,Cameras,LDMtv,"",61022,11145370,2.8,2869.0,1.0,2869.0,2869.0,2020-05-11 23:00:00 UTC,,
1820,Studio Fiber Converter,Cameras,LDMtv,"",61023,11243351,2.8,2869.0,1.0,2869.0,2869.0,2020-05-11 23:00:00 UTC,,
285,Studio Fiber Converter,Cameras,LDMtv,"",LDM1900,9809859,2.8,2869.0,1.0,2869.0,2869.0,2023-08-24 23:00:00 UTC,,
396,System Camera,Cameras,LDMtv,"","","",0.0,25000.0,0.0,0.0,0.0,2023-09-03 23:00:00 UTC,,
1345,T2.2/65mm Cinema Lens,Cameras,LDMtv,"",3127,"",1.0,245.0,1.0,245.0,245.0,2024-12-17 00:00:00 UTC,,
1346,Tamron C001 Lens,Cameras,LDMtv,"",3126,"",1.0,250.0,1.0,250.0,250.0,2024-12-17 00:00:00 UTC,,
1363,TC-1,Cameras,LDMtv,"",3138,6NR00029030,0.15,160.0,1.0,160.0,160.0,2024-12-17 00:00:00 UTC,,
1364,TC-1,Cameras,LDMtv,"",3139,6NQ00010211,0.15,160.0,1.0,160.0,160.0,2024-12-17 00:00:00 UTC,,
1365,TC-1,Cameras,LDMtv,"",3140,6NQ00010211,0.15,160.0,1.0,160.0,160.0,2024-12-17 00:00:00 UTC,,
567,UltraReceiver LD,Cameras,LDMtv,A2,LDM1792,5020-0400581,2.15,12974.0,1.0,12974.0,12974.0,2024-08-15 23:00:00 UTC,,
566,UltraReceiver LD,Cameras,LDMtv,A2,LDM1797,4520-0400541,2.15,12974.0,1.0,12974.0,12974.0,2024-08-15 23:00:00 UTC,,
305,URSA Broadcast G1,Cameras,LDMtv,K3,3086,5366572,3.6,3790.0,1.0,3790.0,3790.0,2023-08-24 23:00:00 UTC,,
37,URSA Broadcast G2,Cameras,LDMtv,"",3001,9526927,3.6,3415.0,1.0,3415.0,3415.0,2023-08-23 23:00:00 UTC,,
241,URSA Broadcast G2,Cameras,LDMtv,K3,3002,9530217,3.6,3415.0,1.0,3415.0,3415.0,2023-08-23 23:00:00 UTC,,
38,URSA Broadcast G2,Cameras,LDMtv,"",3003,9568276,3.6,3415.0,1.0,3415.0,3415.0,2023-08-23 23:00:00 UTC,,
39,URSA Broadcast G2,Cameras,LDMtv,"",3004,9569697,3.6,3415.0,1.0,3415.0,3415.0,2023-08-23 23:00:00 UTC,,
242,URSA Broadcast G2,Cameras,LDMtv,"",3005,9569949,3.6,3415.0,1.0,3415.0,3415.0,2023-08-23 23:00:00 UTC,,
243,URSA Broadcast G2,Cameras,LDMtv,"",3044,9531906,3.6,3415.0,1.0,3415.0,3415.0,2023-08-23 23:00:00 UTC,,
244,URSA Broadcast G2,Cameras,LDMtv,K3,3046,10009229,3.6,3415.0,1.0,3415.0,3415.0,2023-08-23 23:00:00 UTC,,
40,URSA Broadcast G2,Cameras,LDMtv,"",3085,9529566,3.6,3415.0,1.0,3415.0,3415.0,2023-08-23 23:00:00 UTC,,
1028,URSA Broadcast G2,Cameras,LDMtv,K3,3095,11685696,3.6,3415.0,1.0,3415.0,3415.0,2024-12-09 00:00:00 UTC,,
763,URSA EF Lens Mount,Cameras,LDMtv,"","","",0.1,172.0,8.0,1376.0,172.0,2020-11-28 00:00:00 UTC,,
28,URSA Studio Viewfinder,Cameras,LDMtv,L3,3006,9250488,2.55,1339.0,1.0,1339.0,1339.0,2023-08-23 23:00:00 UTC,,
64,URSA Studio Viewfinder,Cameras,LDMtv,"",3007,9250287,2.55,1339.0,1.0,1339.0,1339.0,2023-08-24 23:00:00 UTC,,
84,URSA Studio Viewfinder,Cameras,LDMtv,"",3008,9328914,2.55,1339.0,1.0,1339.0,1339.0,2023-08-23 23:00:00 UTC,,
27,URSA Studio Viewfinder,Cameras,LDMtv,L3,3047,10009991,2.55,1339.0,1.0,1339.0,1339.0,2023-08-23 23:00:00 UTC,,
85,URSA Studio Viewfinder,Cameras,LDMtv,"",3068,10237613,2.55,1339.0,1.0,1339.0,1339.0,2023-08-23 23:00:00 UTC,,
86,URSA Studio Viewfinder,Cameras,LDMtv,L3,3082,"",2.55,1339.0,1.0,1339.0,1339.0,2023-08-23 23:00:00 UTC,,
33,URSA Studio Viewfinder,Cameras,LDMtv,"",3084,10440355,2.55,1339.0,1.0,1339.0,1339.0,2023-08-23 23:00:00 UTC,,
408,URSA Studio Viewfinder,Cameras,LDMtv,L3,3092,11024362,2.55,1339.0,1.0,1339.0,1339.0,2023-10-05 23:00:00 UTC,,
49,VTC Adapter,Cameras,LDMtv,"",3035,"",0.75,150.0,1.0,150.0,150.0,2023-08-23 23:00:00 UTC,,
247,VTC Adapter,Cameras,LDMtv,M3,3036,"",0.75,150.0,1.0,150.0,150.0,2023-08-24 23:00:00 UTC,,
248,VTC Adapter,Cameras,LDMtv,"",3037,"",0.75,150.0,1.0,150.0,150.0,2023-08-24 23:00:00 UTC,,
249,VTC Adapter,Cameras,LDMtv,"",3038,"",0.75,150.0,1.0,150.0,150.0,2023-08-24 23:00:00 UTC,,
250,VTC Adapter,Cameras,LDMtv,"",3039,"",0.75,150.0,1.0,150.0,150.0,2023-08-24 23:00:00 UTC,,
66,VTC Adapter,Cameras,LDMtv,"",3065,"",0.75,150.0,1.0,150.0,150.0,2023-08-24 23:00:00 UTC,,
50,VTC Adapter,Cameras,LDMtv,"",3066,"",0.75,150.0,1.0,150.0,150.0,2023-08-23 23:00:00 UTC,,
251,VTC Adapter,Cameras,LDMtv,M3,3067,"",0.75,150.0,1.0,150.0,150.0,2023-08-24 23:00:00 UTC,,
79,VTC Adapter,Cameras,LDMtv,"",3090,"",0.75,150.0,1.0,150.0,150.0,2023-08-24 23:00:00 UTC,,
642,VTC Adapter,Cameras,LDMtv,M3,3124,"",0.75,150.0,1.0,150.0,150.0,2024-10-31 00:00:00 UTC,,
643,VTC Adapter,Cameras,LDMtv,M3,3125,"",0.75,150.0,1.0,150.0,150.0,2024-10-31 00:00:00 UTC,,
577,XA20sx8.5BERM-K3,Cameras,LDMtv,N3,3041,A66018861,1.7,3930.0,1.0,3930.0,3930.0,2024-09-10 23:00:00 UTC,,
576,XA20sx8.5BRM-K3,Cameras,LDMtv,"",3024,D66542513,1.48,2391.68,1.0,2391.68,2391.68,2024-09-10 23:00:00 UTC,,
58,XA20sx8.5BRM-K3,Cameras,LDMtv,"",3025,LP665AK3D66542515000,1.48,2391.68,1.0,2391.68,2391.68,2023-08-23 23:00:00 UTC,,
42,Zoom Demand,Cameras,LDMtv,"",3011,9360461,0.75,199.0,1.0,199.0,199.0,2023-08-23 23:00:00 UTC,,
245,Zoom Demand,Cameras,LDMtv,L3,3012,9360449,0.75,199.0,1.0,199.0,199.0,2023-08-23 23:00:00 UTC,,
444,Zoom Demand,Cameras,LDMtv,L3,3097,11902648,0.75,199.0,1.0,199.0,199.0,2024-03-11 00:00:00 UTC,,
45,ZSD-300D,Cameras,LDMtv,L3,3054,50J230,1.0,1009.0,1.0,1009.0,1009.0,2023-08-23 23:00:00 UTC,,
46,ZSD-300D,Cameras,LDMtv,L3,3059,50J240,1.0,1009.0,1.0,1009.0,1009.0,2023-08-23 23:00:00 UTC,,
313,ZSD-300D,Cameras,LDMtv,"",3063,"",1.0,1009.0,1.0,1009.0,1009.0,2023-08-24 23:00:00 UTC,,
791,HDA-1911,Card,LDMtv,"",LDM1726,087302-R50484237,0.1,236.0,1.0,236.0,236.0,2024-11-29 00:00:00 UTC,,
792,HDA-1911,Card,LDMtv,"",LDM1727,087302-R50484335,0.1,236.0,1.0,236.0,236.0,2024-11-29 00:00:00 UTC,,
1238,MC-DMON-9S,Card,LDMtv,T16 Rack,63032,OAA01170,0.3,1170.0,1.0,1170.0,1170.0,2020-12-13 00:00:00 UTC,,
1483,MC-DMON-QUAD,Card,LDMtv,comms room,63030,OBA01664,0.3,300.0,1.0,300.0,300.0,2020-12-21 00:00:00 UTC,,
1231,OG-4K2HD,Card,LDMtv,"",63007,K0408427,0.03,707.0,1.0,707.0,707.0,2020-12-11 00:00:00 UTC,,
1232,OG-4K2HD,Card,LDMtv,"",63008,K0408431,0.03,707.0,1.0,707.0,707.0,2024-12-11 00:00:00 UTC,,
1236,OG-4K2HD,Card,LDMtv,"",63009,K0408437,0.03,707.0,1.0,707.0,707.0,2020-12-11 00:00:00 UTC,,
1235,OG-4K2HD,Card,LDMtv,"",63010,K0408447,0.03,707.0,1.0,707.0,707.0,2024-12-11 00:00:00 UTC,,
1233,OG-4K2HD,Card,LDMtv,"",63011,K0408417,0.03,707.0,1.0,707.0,707.0,2024-12-11 00:00:00 UTC,,
1234,OG-4K2HD,Card,LDMtv,"",63012,K0408444,0.03,707.0,1.0,707.0,707.0,2024-12-11 00:00:00 UTC,,
1549,OG-DANTE-12GAM,Card,LDMtv,Core Rack,63041,1D001618,0.25,2800.0,1.0,2800.0,0.0,2025-02-11 00:00:00 UTC,,
1862,OG-DANTE-12GAM,Card,LDMtv,Core Rack,63042,1D001455,0.25,2800.0,1.0,2800.0,0.0,2025-08-10 23:00:00 UTC,,
1531,OG-DANTE-12GAM,Card,LDMtv,Core Rack,63043,1D000960,0.25,2800.0,1.0,2800.0,0.0,2025-02-08 00:00:00 UTC,,
1530,OG-DANTE-12GAM,Card,LDMtv,Core Rack,63044,1D000991,0.25,2800.0,1.0,2800.0,0.0,2025-02-08 00:00:00 UTC,,
1540,OG-FIDO-2R,Card,LDMtv,"",6031,K0360627,0.2,950.0,1.0,950.0,0.0,2025-02-08 00:00:00 UTC,,
1542,OG-FIDO-2R,Card,LDMtv,"",6033,K0360628,0.2,950.0,1.0,950.0,0.0,2025-02-08 00:00:00 UTC,,
1863,OG-FIDO-2R,Card,LDMtv,Core Rack,63045,K0360624,0.2,950.0,1.0,950.0,0.0,2025-08-10 23:00:00 UTC,,
1539,OG-FIDO-2R,Card,LDMtv,Core Rack,63050,K0360625,0.2,950.0,1.0,950.0,0.0,2025-02-08 00:00:00 UTC,,
1245,OG-FIDO-2T,Card,LDMtv,Core Rack,63046,K0650937,0.2,950.0,1.0,950.0,950.0,2020-12-13 00:00:00 UTC,,
1543,OG-FIDO-2T,Card,LDMtv,Core Rack,63047,K0352851,0.2,950.0,1.0,950.0,950.0,2025-02-08 00:00:00 UTC,,
1244,OG-FIDO-2T,Card,LDMtv,Core Rack,63051,K0650936,0.2,950.0,1.0,950.0,950.0,2020-12-13 00:00:00 UTC,,
1243,OG-FIDO-2T,Card,LDMtv,Core Rack,63052,K0650939,0.2,950.0,1.0,950.0,950.0,2020-12-13 00:00:00 UTC,,
1964,OG-FIDO-TR-12G,Card,LDMtv,Core Rack,63048,K0659363,0.3,1718.0,1.0,1718.0,0.0,2026-03-06 00:00:00 UTC,,
454,Opengear 3.0,Card,LDMtv,A2,LDM1110,30091664022,8.8,1249.0,1.0,1249.0,1249.0,2024-03-26 00:00:00 UTC,,
1535,Opengear 3.0,Card,LDMtv,"",LDM1207,30111231050,8.8,1249.0,1.0,1249.0,1249.0,2025-02-08 00:00:00 UTC,,
2005,Opengear 9910DA-2-3G,Card,LDMtv,comms room,63024,381157R,0.01,0.0,1.0,0.0,0.0,2026-04-12 23:00:00 UTC,,
2006,Opengear 9910DA-2-3G,Card,LDMtv,comms room,63025,381158R,0.01,0.0,1.0,0.0,0.0,2026-04-12 23:00:00 UTC,,
2007,Opengear AJA 0G-3GDA-2X4,Card,LDMtv,comms room,63026,K0486237,0.01,0.0,1.0,0.0,0.0,2026-04-12 23:00:00 UTC,,
1242,openGear Converter Fiber to SDI,Card,LDMtv,T16 Rack,63037,433005,0.2,450.0,1.0,450.0,450.0,2020-12-13 00:00:00 UTC,,
1541,openGear Converter Fiber to SDI,Card,LDMtv,T16 Rack,63038,431326,0.2,450.0,1.0,450.0,450.0,2025-02-08 00:00:00 UTC,,
1536,openGear Converter Fiber to SDI,Card,LDMtv,T16 Rack,63039,2998017,0.2,450.0,1.0,450.0,450.0,2025-02-08 00:00:00 UTC,,
1241,openGear Converter Fiber to SDI,Card,LDMtv,T16 Rack,63040,431331,0.2,450.0,1.0,450.0,450.0,2020-12-13 00:00:00 UTC,,
1538,openGear Converter Fiber to SDI,Card,LDMtv,Core Rack,63049,414425,0.2,450.0,1.0,450.0,450.0,2025-02-08 00:00:00 UTC,,
1537,openGear Converter Fiber to SDI,Card,LDMtv,Core Rack,63054,2035550,0.2,450.0,1.0,450.0,450.0,2025-02-08 00:00:00 UTC,,
2008,Opengear  converter HDMI to SDI,Card,LDMtv,comms room,63027,1627746,0.01,0.0,1.0,0.0,0.0,2026-04-12 23:00:00 UTC,,
1940,Opengear Converter Optical Fiber,Card,LDMtv,T16 Rack,63036,2035679,0.0,0.0,1.0,0.0,0.0,2026-02-05 00:00:00 UTC,,
1996,Opengear converter SDI Distribution,Card,LDMtv,comms room,63015,1622943,0.01,0.0,1.0,0.0,0.0,2026-04-12 23:00:00 UTC,,
1997,Opengear converter SDI Distribution,Card,LDMtv,comms room,63016,5612077,0.01,0.0,1.0,0.0,0.0,2026-04-12 23:00:00 UTC,,
2000,Opengear Converter SDI to Audio converter,Card,LDMtv,comms room,63019,5702442,0.01,0.0,1.0,0.0,0.0,2026-04-12 23:00:00 UTC,,
2001,Opengear Converter SDI to Audio converter,Card,LDMtv,comms room,63020,5702403,0.01,0.0,1.0,0.0,0.0,2026-04-12 23:00:00 UTC,,
1315,Opengear DFR 8321,Card,LDMtv,A2,LDM1406,N/A,8.2,2295.0,1.0,2295.0,2295.0,2024-12-16 00:00:00 UTC,,
2009,Opengear OG-Fiber--SR,Card,LDMtv,comms room,63031,K0360626,0.01,0.0,1.0,0.0,0.0,2026-04-12 23:00:00 UTC,,
455,Opengear OG-X-FR,Card,LDMtv,A2,61025,30131500049,9.1,1955.0,1.0,1955.0,1955.0,2024-03-26 00:00:00 UTC,,
1480,Opengear OG-X-FR,Card,LDMtv,T16 Rack,LDM1316,50220509234,9.1,1955.0,1.0,1955.0,1955.0,2020-12-19 00:00:00 UTC,,
1247,openGear SDI DA,Card,LDMtv,Comms room,63006,1622912,0.3,670.0,1.0,670.0,670.0,2020-12-13 00:00:00 UTC,,
1239,openGear SDI > HDMI,Card,LDMtv,Comms room,63002,1536892,0.3,350.0,1.0,350.0,350.0,2020-12-13 00:00:00 UTC,,
1994,openGear SDI > HDMI,Card,LDMtv,comms room,63013,15408721,0.3,350.0,1.0,350.0,350.0,2026-04-12 23:00:00 UTC,,
1995,openGear SDI > HDMI,Card,LDMtv,comms room,63014,1592573,0.3,350.0,1.0,350.0,350.0,2026-04-12 23:00:00 UTC,,
1240,openGear SDI > HDMI,Card,LDMtv,comms room,63028,3025193,0.3,350.0,1.0,350.0,350.0,2020-12-13 00:00:00 UTC,,
1999,Opengear SFS-8622-A,Card,LDMtv,comms room,63017,50150263006,0.0,0.0,1.0,0.0,0.0,2026-04-12 23:00:00 UTC,,
1998,Opengear SFS-8622-A,Card,LDMtv,comms room,63018,50150263015,0.0,0.0,1.0,0.0,0.0,2026-04-12 23:00:00 UTC,,
1481,Opengear Sync Generator,Card,LDMtv,comms room,63029,2966917,0.7,478.0,1.0,478.0,478.0,2020-12-19 00:00:00 UTC,,
2002,Opengear UDA-8705A,Card,LDMtv,comms room,63021,50090477020,0.01,0.0,1.0,0.0,0.0,2026-04-12 23:00:00 UTC,,
1318,openGear UpDownCross,Card,LDMtv,Comms room,63000,1177645,0.3,600.0,1.0,600.0,600.0,2024-12-16 00:00:00 UTC,,
1317,openGear UpDownCross,Card,LDMtv,Comms room,63001,1177929,0.3,600.0,1.0,600.0,600.0,2024-12-16 00:00:00 UTC,,
1319,openGear UpDownCross,Card,LDMtv,Comms room,63003,1077120,0.3,600.0,1.0,600.0,600.0,2024-12-16 00:00:00 UTC,,
1320,openGear UpDownCross,Card,LDMtv,Comms room,63004,1138614,0.3,600.0,1.0,600.0,600.0,2024-12-16 00:00:00 UTC,,
1246,openGear UpDownCross,Card,LDMtv,Comms room,63005,1603177,0.3,600.0,1.0,600.0,600.0,2020-12-13 00:00:00 UTC,,
1321,openGear UpDownCross,Card,LDMtv,T16 Rack,63033,1177817,0.3,600.0,1.0,600.0,600.0,2024-12-16 00:00:00 UTC,,
1316,openGear UpDownCross,Card,LDMtv,T16 Rack,63034,1177807,0.3,600.0,1.0,600.0,600.0,2024-12-16 00:00:00 UTC,,
2003,Opengear VEA-8707A,Card,LDMtv,comms room,63022,50149878018,0.01,0.0,1.0,0.0,0.0,2026-04-12 23:00:00 UTC,,
2004,Opengear VEA-8707A,Card,LDMtv,comms room,63023,50149878019,0.01,0.0,1.0,0.0,0.0,2026-04-12 23:00:00 UTC,,
793,VDA-1002,Card,LDMtv,"",LDM1728,045220R140536020,0.1,0.0,1.0,0.0,0.0,2024-11-29 00:00:00 UTC,,
777,11u Flight Case,Cases,LDMtv,"",5368812,5368812,20.0,530.0,1.0,530.0,530.0,2024-11-29 00:00:00 UTC,,
1178,1200 Case (Yellow),Cases,LDMtv,"",5368864,5368864,1.2,70.0,1.0,70.0,70.0,2024-12-10 00:00:00 UTC,,
817,1200 Case (Yellow),Cases,LDMtv,"",5368877,5368877,1.2,70.0,1.0,70.0,70.0,2024-11-29 00:00:00 UTC,,
1115,2U Studio Flyer,Cases,LDMtv,"",5368807,5368807,6.9,357.0,1.0,357.0,375.0,2024-12-09 00:00:00 UTC,,
1117,2U Studio Flyer,Cases,LDMtv,"",5368808,5368808,6.9,357.0,1.0,357.0,375.0,2024-12-09 00:00:00 UTC,,
1116,2U Studio Flyer,Cases,LDMtv,"",5368809,5368809,6.9,357.0,1.0,357.0,375.0,2024-12-09 00:00:00 UTC,,
1114,2U Studio Flyer,Cases,LDMtv,O3,5368810,5368810,6.9,357.0,1.0,357.0,375.0,2024-12-09 00:00:00 UTC,,
1279,2U Studio Flyer,Cases,LDMtv,O3,5368850,5368850,6.9,357.0,1.0,357.0,375.0,2024-12-16 00:00:00 UTC,,
1649,37u Open Rack,Cases,LDMtv,"",LDM1215,N/A,44.0,467.0,1.0,467.0,0.0,2025-02-11 00:00:00 UTC,,
1153,3I-1209-4B-E,Cases,LDMtv,B3,5368890,5368890,1.5,150.0,1.0,150.0,150.0,2024-12-10 00:00:00 UTC,,
1173,3I-1209-4B-E,Cases,LDMtv,B3,5368891,5368891,1.5,150.0,1.0,150.0,150.0,2024-12-10 00:00:00 UTC,,
1154,3I-1209-4B-E,Cases,LDMtv,B3,5368966,5368966,1.5,150.0,1.0,150.0,150.0,2024-12-10 00:00:00 UTC,,
278,4+2 Radio Mic/IEM Stagebox (4U),Cases,LDMtv,"",5368852,5368852,18.75,250.0,1.0,250.0,250.0,2023-08-24 23:00:00 UTC,,
1961,"43"" Screen Flightcase",Cases,LDMtv,"",5368926,NA,47.0,450.0,1.0,450.0,0.0,2026-03-06 00:00:00 UTC,,
822,4u Stagebox,Cases,LDMtv,"",5368961,5368961,6.0,220.0,1.0,220.0,220.0,2024-11-29 00:00:00 UTC,,
770,5u Flight Case (Br.IO),Cases,LDMtv,A4,5368863,5368863,7.5,229.0,1.0,229.0,229.0,2024-11-29 00:00:00 UTC,,
1281,6u Flight Case,Cases,LDMtv,"",5368858,5368858,10.0,150.0,1.0,150.0,150.0,2024-12-16 00:00:00 UTC,,
846,8u Stagebox,Cases,LDMtv,O4,5368953,5368953,12.7,365.0,1.0,365.0,365.0,2024-11-29 00:00:00 UTC,,
841,8u Stagebox,Cases,LDMtv,"",5368993,5368993,12.7,365.0,1.0,365.0,365.0,2024-11-29 00:00:00 UTC,,
773,ATEM 1 M/E Broadcast Panel Flight Case,Cases,LDMtv,A4,5368802,5368802,7.5,197.0,1.0,197.0,197.0,2024-11-29 00:00:00 UTC,,
789,ATEM 2 M/E Advanced Panel Flight Case,Cases,LDMtv,"",5368980,5368980,10.0,202.0,1.0,202.0,202.0,2024-11-29 00:00:00 UTC,,
774,Audio Rack (12u),Cases,LDMtv,"",5368835,5368835,15.0,527.0,1.0,527.0,527.0,2024-11-29 00:00:00 UTC,,
823,Audio Stagebox (3u),Cases,LDMtv,"",5368981,5368981,15.8,205.0,1.0,205.0,205.0,2024-11-29 00:00:00 UTC,,
796,Blackmagic Camera Peli Case,Cases,LDMtv,"",5368918,5368918,13.5,675.0,1.0,675.0,675.0,2024-11-29 00:00:00 UTC,,
797,Blackmagic Camera Peli Case,Cases,LDMtv,"",5368919,5368919,13.5,675.0,1.0,675.0,675.0,2024-11-29 00:00:00 UTC,,
798,Blackmagic Camera Peli Case,Cases,LDMtv,"",5368920,5368920,13.5,675.0,1.0,675.0,675.0,2024-11-29 00:00:00 UTC,,
795,Blackmagic Camera Peli Case,Cases,LDMtv,"",5368942,5368942,13.5,675.0,1.0,675.0,675.0,2024-11-29 00:00:00 UTC,,
877,Black Plastic Case - SMPTE Backends,Cases,LDMtv,K3,5368913,5368913,3.0,100.0,1.0,100.0,100.0,2024-12-02 00:00:00 UTC,,
1186,Briefcase,Cases,LDMtv,"",5368803,5368803,2.0,50.0,1.0,50.0,50.0,2024-12-10 00:00:00 UTC,,
1216,Briefcase,Cases,LDMtv,B3,5368948,5368948,2.0,50.0,1.0,50.0,50.0,2024-12-10 00:00:00 UTC,,
1403,Calrec Flightcase,Cases,LDMtv,"",5368905,5368905,52.0,820.0,1.0,820.0,820.0,2024-12-17 00:00:00 UTC,,
1159,Case with V-lok + PSU,Cases,LDMtv,"",5368898,5368898,1.0,150.0,1.0,150.0,150.0,2024-12-10 00:00:00 UTC,,
1158,Case with V-lok + PSU,Cases,LDMtv,"",5368999,5368999,1.0,150.0,1.0,150.0,150.0,2024-12-10 00:00:00 UTC,,
883,CCU Flight Case,Cases,LDMtv,"",5368860,5368860,9.1,546.0,1.0,546.0,546.0,2024-12-02 00:00:00 UTC,,
783,CCU Rack (12u),Cases,LDMtv,"",5368916,5368916,30.0,546.0,1.0,546.0,546.0,2024-11-29 00:00:00 UTC,,
803,Commentary Case,Cases,LDMtv,A1,5368990,5368990,9.35,250.0,1.0,250.0,250.0,2024-11-29 00:00:00 UTC,,
1955,Core Rack,Cases,LDMtv,"",5368932,NSN,70.0,0.0,1.0,0.0,0.0,2025-03-05 00:00:00 UTC,,
827,Dante RTB Stagebox (2u),Cases,LDMtv,"",5368985,5368985,14.0,195.0,1.0,195.0,195.0,2024-11-29 00:00:00 UTC,,
1258,Double XL LCD case,Cases,LDMtv,I4,5368875,5368875,4.9,270.0,1.0,270.0,270.0,2024-12-16 00:00:00 UTC,,
833,Dual RTB Stagebox (3u),Cases,LDMtv,"",5368874,5368874,18.9,205.0,1.0,205.0,205.0,2024-11-29 00:00:00 UTC,,
1020,Etihad West Reception Case,Cases,LDMtv,"",5368894,5368894,4.0,2500.0,1.0,2500.0,2500.0,2024-12-03 00:00:00 UTC,,
1977,Euro Case Black - Comms,Cases,LDMtv,"",5368930,NA,57.0,450.0,1.0,450.0,0.0,2026-03-06 00:00:00 UTC,,
1957,Euro case Blue - Cabin,Cases,LDMtv,"",5368927,NA,50.0,500.0,1.0,500.0,0.0,2026-03-06 00:00:00 UTC,,
1979,Euro case green - Mix Zone,Cases,LDMtv,"",5368928,NA,50.0,500.0,1.0,500.0,0.0,2026-03-06 00:00:00 UTC,,
1990,Euro Case Red - Misc,Cases,LDMtv,"",5368929,NA,50.0,500.0,1.0,500.0,0.0,2026-03-07 00:00:00 UTC,,
790,EVS Flight Case,Cases,LDMtv,"",5368917,5368917,40.0,795.0,1.0,795.0,795.0,2024-11-29 00:00:00 UTC,,
1151,Flat Screen Storage Bag,Cases,LDMtv,A1,5368824,5368824,1.4,45.0,1.0,45.0,45.0,2024-12-10 00:00:00 UTC,,
913,Flat Screen Storage Bag,Cases,LDMtv,A1,5368825,5368825,1.4,45.0,1.0,45.0,45.0,2024-12-02 00:00:00 UTC,,
1141,Flat Screen Storage Bag,Cases,LDMtv,A1,5368826,5368826,1.4,45.0,1.0,45.0,45.0,2024-12-10 00:00:00 UTC,,
1142,Flat Screen Storage Bag,Cases,LDMtv,A1,5368828,5368828,1.4,45.0,1.0,45.0,45.0,2024-12-10 00:00:00 UTC,,
1152,Flat Screen Storage Bag,Cases,LDMtv,A1,5368829,5368829,1.4,45.0,1.0,45.0,45.0,2024-12-10 00:00:00 UTC,,
1133,Flat Screen Storage Bag,Cases,LDMtv,A1,5368830,5368830,1.4,45.0,1.0,45.0,45.0,2024-12-10 00:00:00 UTC,,
1136,Flat Screen Storage Bag,Cases,LDMtv,A1,5368839,5368839,1.4,45.0,1.0,45.0,45.0,2024-12-10 00:00:00 UTC,,
1144,Flat Screen Storage Bag,Cases,LDMtv,A1,5368840,5368840,1.4,45.0,1.0,45.0,45.0,2024-12-10 00:00:00 UTC,,
1155,Flat Screen Storage Bag,Cases,LDMtv,A1,5368849,5368849,1.4,45.0,1.0,45.0,45.0,2024-12-10 00:00:00 UTC,,
1139,Flat Screen Storage Bag,Cases,LDMtv,A1,5368880,5368880,1.4,45.0,1.0,45.0,45.0,2024-12-10 00:00:00 UTC,,
1157,Flat Screen Storage Bag,Cases,LDMtv,A1,5368895,5368895,1.4,45.0,1.0,45.0,45.0,2024-12-10 00:00:00 UTC,,
1986,Green Camera Bag,Cases,LDMtv,"",LDM9999,NA,4.4,200.0,1.0,200.0,0.0,2026-03-07 00:00:00 UTC,,
786,Grey Peli 1600 Case,Cases,LDMtv,"",5368815,5368815,5.9,250.0,1.0,250.0,250.0,2024-11-29 00:00:00 UTC,,
784,Heavy Duty Flight Case (12u),Cases,LDMtv,"",5368978,5368978,47.41,2130.0,1.0,2130.0,2130.0,2024-11-29 00:00:00 UTC,,
785,Heavy Duty Flight Case (12u),Cases,LDMtv,"",5368979,5368979,47.41,2130.0,1.0,2130.0,2130.0,2024-11-29 00:00:00 UTC,,
787,Large Black SKB Case,Cases,LDMtv,"",5368943,5368943,5.9,210.0,1.0,210.0,210.0,2024-11-29 00:00:00 UTC,,
1188,Large CP Case,Cases,LDMtv,"",5368912,5368912,4.0,150.0,1.0,150.0,150.0,2024-12-10 00:00:00 UTC,,
651,Lightshow Case,Cases,LDMtv,"",5368859,5368859,17.75,117.0,1.0,117.0,0.0,2023-11-19 00:00:00 UTC,,
843,Monitor Flight Case,Cases,LDMtv,"",5368994,5368994,15.0,250.0,1.0,250.0,250.0,2024-11-29 00:00:00 UTC,,
1000,Nanuk 905 Box,Cases,LDMtv,B4,5368963,5368963,1.5,62.0,1.0,62.0,62.0,2024-12-02 00:00:00 UTC,,
806,Nanuk 905 Box,Cases,LDMtv,B4,5368965,5368965,1.5,62.0,1.0,62.0,62.0,2024-11-29 00:00:00 UTC,,
876,Peli 1600 Blackmagic RCP Case,Cases,LDMtv,A4,5368950,5368950,6.2,300.0,1.0,300.0,300.0,2024-12-02 00:00:00 UTC,,
1513,Peli Air 1535 Case,Cases,LDMtv,K4,5368969,5368969,0.0,294.0,1.0,294.0,294.0,2020-01-16 00:00:00 UTC,,
778,Production Flight Case with Table,Cases,LDMtv,"",5368915,5368915,30.0,680.0,1.0,680.0,680.0,2024-11-29 00:00:00 UTC,,
779,QL1 Flight Case,Cases,LDMtv,"",5368813,5368813,15.0,275.0,1.0,275.0,275.0,2024-11-29 00:00:00 UTC,,
1896,Rack Sleeve,Cases,LDMtv,"",5368931,NSN,45.0,650.0,1.0,650.0,650.0,2024-08-23 23:00:00 UTC,,
1256,Single Large LCD Case,Cases,LDMtv,"",5368893,5368893,3.5,180.0,1.0,180.0,180.0,2024-12-16 00:00:00 UTC,,
1503,Single Medium LCD Case,Cases,LDMtv,B1,5368983,5368983,0.0,130.0,1.0,130.0,130.0,2020-01-15 00:00:00 UTC,,
818,SKB 4U Case,Cases,LDMtv,"",5368855,5368855,7.0,300.0,1.0,300.0,300.0,2024-11-29 00:00:00 UTC,,
863,SKB Case,Cases,LDMtv,"",5368974,"",2.0,70.0,1.0,70.0,70.0,2024-11-30 00:00:00 UTC,,
1208,Small Case,Cases,LDMtv,"",5368861,5368861,0.5,45.0,1.0,45.0,45.0,2024-12-10 00:00:00 UTC,,
1227,Small Case,Cases,LDMtv,"",5368884,5368884,0.5,45.0,1.0,45.0,45.0,2024-12-10 00:00:00 UTC,,
909,Soft Mixer Case,Cases,LDMtv,B1,5368996,5368996,0.7,70.0,1.0,70.0,70.0,2024-12-02 00:00:00 UTC,,
1362,SSD & Timecode 1200 Case,Cases,LDMtv,Prod,5368959,5368959,1.0,65.0,1.0,65.0,65.0,2024-12-17 00:00:00 UTC,,
807,Storm Case iM2075,Cases,LDMtv,"",5368991,5368991,1.5,75.0,1.0,75.0,75.0,2024-11-29 00:00:00 UTC,,
1055,Studio Flight Case (16U),Cases,LDMtv,"",5368921,5368921,20.0,512.0,1.0,512.0,512.0,2024-12-09 00:00:00 UTC,,
1253,TF1 Flight Case,Cases,LDMtv,"",5368922,5368922,7.0,250.0,1.0,250.0,250.0,2024-12-16 00:00:00 UTC,,
820,TOC/Fiber Distribution Stage Box,Cases,LDMtv,"",5368992,5368992,12.0,1500.0,1.0,1500.0,0.0,2024-11-29 00:00:00 UTC,,
819,TOC Peli,Cases,LDMtv,"",5368909,5368909,4.6,1000.0,1.0,1000.0,0.0,2024-11-29 00:00:00 UTC,,
1192,Type 3000 Case,Cases,LDMtv,"",5368957,5368957,2.0,96.0,1.0,96.0,96.0,2024-12-10 00:00:00 UTC,,
830,Video Stagebox (3u),Cases,LDMtv,"",5368851,5368851,13.7,4000.0,1.0,4000.0,0.0,2024-11-29 00:00:00 UTC,,
780,Wheeled Flight Case with Drawers & Cushion,Cases,LDMtv,"",5368976,5368976,17.0,265.0,1.0,265.0,265.0,2024-11-29 00:00:00 UTC,,
782,Wheeled Flight Case with Drawers & Cushion,Cases,LDMtv,"",5368977,5368977,17.0,265.0,1.0,265.0,265.0,2024-11-29 00:00:00 UTC,,
1254,X File Peli Case,Cases,LDMtv,"",5368923,5368923,0.0,550.0,1.0,550.0,550.0,2024-12-16 00:00:00 UTC,,
1430,1U Rack PC,Computers,LDMtv,T16 Sound,LDM1356,8552,4.95,1419.0,1.0,1419.0,1419.0,2020-12-17 00:00:00 UTC,,
1268,1U Rack PC,Computers,LDMtv,M2,LDM1424,N/A,4.95,1419.0,1.0,1419.0,1419.0,2024-12-16 00:00:00 UTC,,
1084,1U Rack PC,Computers,LDMtv,M2,LDM1512,N/A,4.95,1419.0,1.0,1419.0,1419.0,2024-12-09 00:00:00 UTC,,
1085,1U Rack PC,Computers,LDMtv,M2,LDM1513,N/A,4.95,1419.0,1.0,1419.0,1419.0,2024-12-09 00:00:00 UTC,,
1230,260 G2 Mini,Computers,LDMtv,N2,LDM1428,4CH711BNQ0,1.25,530.0,1.0,530.0,530.0,2024-12-10 00:00:00 UTC,,
1313,2U Rackmount PC,Computers,LDMtv,M2,LDM0544,200488626,8.6,500.0,1.0,500.0,500.0,2024-12-16 00:00:00 UTC,,
1559,Cherry Keyboard,Computers,LDMtv,"",LDM1210,00000543-G50,0.5,35.0,1.0,35.0,0.0,2025-02-11 00:00:00 UTC,,
1110,DC3217IYE NUC,Computers,LDMtv,N2,LDM1491,G6YE427002LJ,0.5,515.0,1.0,515.0,515.0,2024-12-09 00:00:00 UTC,,
1109,DC3217IYE NUC,Computers,LDMtv,N2,LDM1492,G6YE425006AH,0.5,515.0,1.0,515.0,515.0,2024-12-09 00:00:00 UTC,,
1497,HP Pavilion Laptop,Computers,LDMtv,Mike Laptop,LDM1051,5CGO183L7J,2.0,500.0,1.0,500.0,500.0,2020-01-06 00:00:00 UTC,,
1278,HP Pavilion Laptop,Computers,LDMtv,"",LDM1422,5CD02112R1,2.0,500.0,1.0,500.0,500.0,2024-12-16 00:00:00 UTC,,
1226,iPad,Computers,LDMtv,"",LDM1431,DMPCWGXXMF3M,0.6,600.0,1.0,600.0,600.0,2024-12-10 00:00:00 UTC,,
1495,LaCie (4TB),Computers,LDMtv,CityTV,LDM1946,"",0.25,135.0,1.0,135.0,135.0,2022-02-24 00:00:00 UTC,,
1562,Logitech Mouse,Computers,LDMtv,"",LDM1211,2248HS0056U8,0.2,10.0,1.0,10.0,0.0,2025-02-11 00:00:00 UTC,,
1251,Mac Mini,Computers,LDMtv,Etihad MCR,LDM1588,C07Q80XRG1J1,2.0,849.0,1.0,849.0,849.0,2020-12-14 00:00:00 UTC,,
709,Mac Mini,Computers,LDMtv,Etihad CAR (Unity),LDM1778,C07Z91APJYVW,2.0,849.0,1.0,849.0,849.0,2020-11-25 00:00:00 UTC,,
650,Mac Mini,Computers,LDMtv,"",LDM-MAC,"",2.0,849.0,1.0,849.0,849.0,2023-11-19 00:00:00 UTC,,
358,Medialooks Server,Computers,LDMtv,Etihad CAR (CityTV),LDM1031,00330-71377-54422-AAOEM,5.0,1168.0,1.0,1168.0,1168.0,2020-08-24 23:00:00 UTC,,
849,Medialooks Server,Computers,LDMtv,"",LDM1691,"",5.0,1168.0,1.0,1168.0,1168.0,2024-11-29 00:00:00 UTC,,
821,Medialooks Server,Computers,LDMtv,"",LDM1713,"",5.0,1168.0,1.0,1168.0,1168.0,2024-11-29 00:00:00 UTC,,
1427,Mini PC,Computers,LDMtv,T16 Sound,LDM1362,"",0.0,680.0,1.0,680.0,680.0,2020-12-17 00:00:00 UTC,,
842,Pro Mini 400 G9,Computers,LDMtv,M2,LDM1698,8CC2461P4G,3.1,530.0,1.0,530.0,530.0,2024-11-29 00:00:00 UTC,,
710,ricVS,Computers,LDMtv,"",528,00001494,10.0,3250.0,1.0,3250.0,3250.0,2024-11-25 00:00:00 UTC,,
378,RS815RP+,Computers,LDMtv,"",LDM1013,1760MSN084200,6.4,1010.0,1.0,1010.0,1010.0,2023-08-24 23:00:00 UTC,,
1252,RS815RP+,Computers,LDMtv,Etihad CAR,LDM1589,"",6.4,1010.0,1.0,1010.0,1010.0,2020-12-14 00:00:00 UTC,,
1255,SpotOn PC,Computers,LDMtv,A4,LDM1458,F80XKG3,5.6,600.0,1.0,600.0,600.0,2024-12-16 00:00:00 UTC,,
445,vMix 001 PC,Computers,LDMtv,V16,LDM1127,"",14.95,3389.0,1.0,3389.0,3389.0,2024-03-26 00:00:00 UTC,,
1203,XPS Laptop,Computers,LDMtv,N2,LDM1441,H56MS93,2.4,1700.0,1.0,1700.0,1700.0,2024-12-10 00:00:00 UTC,,
1202,XPS Laptop,Computers,LDMtv,N2,LDM1442,B66MS93,2.4,1700.0,1.0,1700.0,1700.0,2024-12-10 00:00:00 UTC,,
1050,AW-RP120G,Control,LDMtv,G1,LDM1901,E4TBA0035,3.0,4000.0,1.0,4000.0,4000.0,2024-12-09 00:00:00 UTC,,
1334,BR Remote - uL Head,Control,LDMtv,"",LDM1396,2000342,0.5,1510.0,1.0,1510.0,1510.0,2024-12-17 00:00:00 UTC,,
556,CP-1000E,Control,LDMtv,A2,61020,7898670065,1.6,1580.0,1.0,1580.0,1580.0,2024-06-02 23:00:00 UTC,,
1943,CP-1000E,Control,LDMtv,"",LDM1274,2428720070,1.6,1580.0,1.0,1580.0,1580.0,2026-02-06 00:00:00 UTC,,
1944,CP-1000E,Control,LDMtv,"",LDM1275,2577490060,1.6,1580.0,1.0,1580.0,1580.0,2026-02-06 00:00:00 UTC,,
1332,CyanView CY-RCP,Control,LDMtv,"",LDM1400,CY-RCP-42-223,1.0,2800.0,1.0,2800.0,2800.0,2024-12-17 00:00:00 UTC,,
1331,CY-C10,Control,LDMtv,"",LDM1399,CY-C10-38-42,0.5,1000.0,1.0,1000.0,1000.0,2024-12-17 00:00:00 UTC,,
813,PTZ Wiz,Control,LDMtv,L3,LDM1715,446327,0.24,710.0,1.0,710.0,710.0,2024-11-29 00:00:00 UTC,,
917,Stream Deck 15,Control,LDMtv,B2,LDM1663,AL17J2C02240,0.5,135.0,1.0,135.0,135.0,2024-12-02 00:00:00 UTC,,
1544,Streamdeck Studio,Control,LDMtv,"",LDM1208,A9IJA43610JNV2,0.9,900.0,1.0,900.0,0.0,2025-02-08 00:00:00 UTC,,
1659,Streamdeck Studio,Control,LDMtv,A2,LDM1218,A9IJA43610CYGG,0.9,900.0,1.0,900.0,0.0,2025-02-19 00:00:00 UTC,,
452,Tallyman TM1+ MK2,Control,LDMtv,V16,LDM1134,68980,2.5,10370.0,0.0,0.0,10370.0,2024-03-26 00:00:00 UTC,,1.0
528,TMCP 16,Control,LDMtv,"",LDM1839,900030,1.5,1300.0,0.0,0.0,1300.0,2024-06-02 23:00:00 UTC,,1.0
501,TMCP 16,Control,LDMtv,V16 Front 1,LDM1861,903424,1.5,1300.0,0.0,0.0,1300.0,2024-05-07 23:00:00 UTC,,1.0
502,TMCP 16,Control,LDMtv,V16 Front 2,LDM1862,903435,1.5,1300.0,0.0,0.0,1300.0,2024-05-07 23:00:00 UTC,,1.0
485,TMCP 32,Control,LDMtv,V16,LDM1163,68915,0.0,2500.0,0.0,0.0,2500.0,2024-04-30 23:00:00 UTC,,1.0
1447,TMCP 32,Control,LDMtv,"",LDM1341,900248,0.0,2500.0,0.0,0.0,2500.0,2020-12-19 00:00:00 UTC,,1.0
1270,TMCP 32,Control,LDMtv,"",LDM1420,68120,0.0,2500.0,0.0,0.0,2500.0,2024-12-16 00:00:00 UTC,,1.0
486,TMCP 48,Control,LDMtv,V16,LDM1162,80248,0.0,2700.0,0.0,0.0,2700.0,2024-04-30 23:00:00 UTC,,1.0
1454,UMD-D16C,Control,LDMtv,V16,LDM1333,63946,0.0,1000.0,0.0,0.0,1000.0,2020-12-19 00:00:00 UTC,,1.0
1453,UMD-D16C,Control,LDMtv,V16,LDM1334,63934,0.0,1000.0,0.0,0.0,1000.0,2020-12-19 00:00:00 UTC,,1.0
1452,UMD-D16C,Control,LDMtv,V16,LDM1335,66146,0.0,1000.0,0.0,0.0,1000.0,2020-12-19 00:00:00 UTC,,1.0
1089,UMD-D16C,Control,LDMtv,"",LDM1507,66145,0.0,1000.0,0.0,0.0,1000.0,2024-12-09 00:00:00 UTC,,1.0
523,UMD-D16C,Control,LDMtv,"",LDM1840,63954,0.0,1000.0,0.0,0.0,1000.0,2024-06-02 23:00:00 UTC,,1.0
520,UMD-D16C,Control,LDMtv,"",LDM1843,None,0.0,1000.0,0.0,0.0,1000.0,2024-06-02 23:00:00 UTC,,1.0
521,UMD-D16C,Control,LDMtv,"",LDM1844,64114,0.0,1000.0,0.0,0.0,1000.0,2024-06-02 23:00:00 UTC,,1.0
522,UMD-D16C,Control,LDMtv,"",LDM1845,61063,0.0,1000.0,0.0,0.0,1000.0,2024-06-02 23:00:00 UTC,,1.0
1333,USB JOYSTICK - ASKB06,Control,LDMtv,"",LDM1401,240705ASKB06001,0.5,142.0,1.0,142.0,142.0,2024-12-17 00:00:00 UTC,,
717,1005BAC,Grip,LDMtv,"",5368997,D3269641,2.5,165.0,1.0,165.0,165.0,2024-11-26 00:00:00 UTC,,
718,1005BAC,Grip,LDMtv,"",5368998,D3269626,2.5,165.0,1.0,165.0,165.0,2024-11-26 00:00:00 UTC,,
608,3330-16 Bowl Adapter,Grip,LDMtv,"",3099,"",0.35,182.0,1.0,182.0,182.0,2024-10-16 23:00:00 UTC,,
609,3330-16 Bowl Adapter,Grip,LDMtv,"",3101,"",0.35,182.0,1.0,182.0,182.0,2024-10-16 23:00:00 UTC,,
610,3330-16 Bowl Adapter,Grip,LDMtv,"",3102,"",0.35,182.0,1.0,182.0,182.0,2024-10-16 23:00:00 UTC,,
611,3330-16 Bowl Adapter,Grip,LDMtv,"",3103,"",0.35,182.0,1.0,182.0,182.0,2024-10-16 23:00:00 UTC,,
640,3407-1A Podmount,Grip,LDMtv,"",LDM1668,"",1.82,1147.0,1.0,1147.0,1147.0,2024-10-31 00:00:00 UTC,,
68,3407-1A Podmount,Grip,LDMtv,"",T16-079,"",1.82,1147.0,1.0,1147.0,1147.0,2023-08-24 23:00:00 UTC,,
69,3407-1A Podmount,Grip,LDMtv,"",T16-080,"",1.82,1147.0,1.0,1147.0,1147.0,2023-08-24 23:00:00 UTC,,
70,3407-1A Podmount,Grip,LDMtv,"",T16-100,"",1.82,1147.0,1.0,1147.0,1147.0,2023-08-24 23:00:00 UTC,,
632,501H,Grip,LDMtv,"",3049,"",1.6,133.0,1.0,133.0,133.0,2024-10-17 23:00:00 UTC,,
631,525MVB Tripod,Grip,LDMtv,"",3114,"",3.5,325.0,1.0,325.0,325.0,2024-10-17 23:00:00 UTC,,
584,750 Head,Grip,LDMtv,"","","",0.0,15900.0,1.0,15900.0,0.0,2024-10-09 23:00:00 UTC,,
1387,Boom Pole,Grip,LDMtv,Prod,3153,"",0.94,95.0,1.0,95.0,95.0,2024-12-17 00:00:00 UTC,,
1381,Camera Slider,Grip,LDMtv,Prod,5368924,03710111,20.0,550.0,1.0,550.0,550.0,2024-12-17 00:00:00 UTC,,
678,Compact Light Stand,Grip,LDMtv,"",536898?,"",1.0,90.0,1.0,90.0,75.0,2024-11-20 00:00:00 UTC,,
680,Compact Light Stand,Grip,LDMtv,"",5368984,"",1.0,90.0,1.0,90.0,75.0,2024-11-20 00:00:00 UTC,,
679,Compact Light Stand,Grip,LDMtv,"",5368986,"",1.0,90.0,1.0,90.0,75.0,2024-11-20 00:00:00 UTC,,
260,flowtech 75,Grip,LDMtv,"",3057,S2064SA2203570,6.4,2391.0,1.0,2391.0,2391.0,2023-08-24 23:00:00 UTC,,
67,FSB10,Grip,LDMtv,"",3052,"",6.7,3620.0,1.0,3620.0,3620.0,2023-08-24 23:00:00 UTC,,
1873,Light Weight UNI COL Stand,Grip,LDMtv,"",5369068,na,2.0,250.0,1.0,250.0,0.0,2025-08-12 23:00:00 UTC,,
1872,Light Weight UNI COL Stand,Grip,LDMtv,"",5369072,na,2.0,250.0,1.0,250.0,0.0,2025-08-12 23:00:00 UTC,,
343,LX10 Head,Grip,LDMtv,"",3030,"",7.6,1200.0,1.0,1200.0,1200.0,2023-08-24 23:00:00 UTC,,
344,LX10 Head,Grip,LDMtv,"",3031,"",7.6,1200.0,1.0,1200.0,1200.0,2023-08-24 23:00:00 UTC,,
1529,LX10 Head,Grip,LDMtv,"",3154,"",7.6,1200.0,1.0,1200.0,1200.0,2025-02-03 00:00:00 UTC,,
1322,Magic Arms,Grip,LDMtv,A5,"","",2.3,100.0,6.0,600.0,100.0,2024-12-16 00:00:00 UTC,,
1129,MK Compact ACN-BK,Grip,LDMtv,"",5369055,W2093515,1.5,139.0,1.0,139.0,0.0,2024-12-10 00:00:00 UTC,,
750,MK Compact ACN-BK,Grip,LDMtv,"",LDM5368947,W2093258,1.5,139.0,1.0,139.0,0.0,2024-11-28 00:00:00 UTC,,
591,Osprey+,Grip,LDMtv,"",5369031,V4171-01003,45.8,32000.0,1.0,32000.0,0.0,2022-10-06 23:00:00 UTC,,
592,Osprey+,Grip,LDMtv,"",5369044,V4171-01004,45.8,32000.0,1.0,32000.0,0.0,2022-10-06 23:00:00 UTC,,
625,P110B,Grip,LDMtv,"",3117,"",16.8,3656.0,1.0,3656.0,3656.0,2024-10-17 23:00:00 UTC,,
1280,Pitch Mic Stands,Grip,LDMtv,A5,"","",2.3,65.0,7.0,455.0,65.0,2020-12-16 00:00:00 UTC,,
376,RailDolly Pro Traveller Kit,Grip,LDMtv,K4,3051,"",12.0,1888.0,1.0,1888.0,1888.0,2023-08-24 23:00:00 UTC,,
345,RH45D Head,Grip,LDMtv,"",3032,"",2.5,865.0,1.0,865.0,865.0,2023-08-24 23:00:00 UTC,,
629,RH45D Head,Grip,LDMtv,"",3113,"",2.5,865.0,1.0,865.0,865.0,2024-10-17 23:00:00 UTC,,
630,RH45D Head,Grip,LDMtv,"",3115,"",2.5,865.0,1.0,865.0,865.0,2024-10-17 23:00:00 UTC,,
627,RT40RB Tripod,Grip,LDMtv,"",3112,"",3.1,345.6,1.0,345.6,345.6,2024-10-17 23:00:00 UTC,,
626,RT40RB Tripod,Grip,LDMtv,"",3116,"",3.1,345.6,1.0,345.6,345.6,2024-10-17 23:00:00 UTC,,
633,RT40RB Tripod,Grip,LDMtv,"",3118,"",3.1,345.6,1.0,345.6,345.6,2024-10-17 23:00:00 UTC,,
628,RT50B Tripod,Grip,LDMtv,"",3096,"",3.1,321.0,1.0,321.0,321.0,2024-10-17 23:00:00 UTC,,
1528,RT50B Tripod,Grip,LDMtv,"",3155,"",3.1,321.0,1.0,321.0,321.0,2025-02-03 00:00:00 UTC,,
357,Studio Equipment Stand Slider,Grip,LDMtv,"",5368970,5368970,5.0,360.0,1.0,360.0,360.0,2023-08-24 23:00:00 UTC,,
65,Video 18 S1,Grip,LDMtv,"",3091,"",7.5,8145.0,1.0,8145.0,8145.0,2023-08-24 23:00:00 UTC,,
51,Video 18 S1,Grip,LDMtv,"",3098,"",7.5,8145.0,1.0,8145.0,8145.0,2023-08-23 23:00:00 UTC,,
52,Video 18 S1,Grip,LDMtv,"",3104,"",7.5,8145.0,1.0,8145.0,8145.0,2023-08-23 23:00:00 UTC,,
1382,VZ-MC100,Grip,LDMtv,"",5368901,"",4.0,3300.0,1.0,3300.0,3300.0,2024-12-17 00:00:00 UTC,,
1383,VZ-SnapCrane9-100 Ultimate 9' Crane,Grip,LDMtv,"",2 Bags,"",22.63,6349.0,1.0,6349.0,6349.0,2024-12-17 00:00:00 UTC,,
1112,1x1 LS,Lighting,LDMtv,G4,LDM1489,1032310388,2.0,1980.0,1.0,1980.0,0.0,2024-12-09 00:00:00 UTC,,
1111,1x1 LS,Lighting,LDMtv,G4,LDM1490,1032310340,2.0,1980.0,1.0,1980.0,0.0,2024-12-09 00:00:00 UTC,,
1375,200x,Lighting,LDMtv,Prod,3147,6HG10J38444,4.0,297.0,1.0,297.0,297.0,2024-12-17 00:00:00 UTC,,
1376,200x,Lighting,LDMtv,Prod,3148,6HG10C15781,4.0,297.0,1.0,297.0,297.0,2024-12-17 00:00:00 UTC,,
1374,200x,Lighting,LDMtv,Prod,3149,6HG10M15127,4.0,297.0,1.0,297.0,297.0,2024-12-17 00:00:00 UTC,,
1119,560AS Light Kit,Lighting,LDMtv,O4,5368997A,5368997A,6.0,169.0,1.0,169.0,0.0,2024-12-09 00:00:00 UTC,,
1369,60x,Lighting,LDMtv,Prod,3141,"",5.0,372.0,1.0,372.0,372.0,2024-12-17 00:00:00 UTC,,
1370,60x,Lighting,LDMtv,"",3142,"",5.0,372.0,1.0,372.0,372.0,2024-12-17 00:00:00 UTC,,
1113,Astra 1x1,Lighting,LDMtv,H4,LDM1487,1037602075,3.4,834.0,1.0,834.0,0.0,2024-12-09 00:00:00 UTC,,
1016,Astra 1x1,Lighting,LDMtv,"",LDM1775,1037410559,3.4,834.0,1.0,834.0,0.0,2020-12-03 00:00:00 UTC,,
1015,Astra 1x1,Lighting,LDMtv,"",LDM1776,1037409866,3.4,834.0,1.0,834.0,0.0,2020-12-03 00:00:00 UTC,,
348,Astra 6X,Lighting,LDMtv,"",LDM1896,LP-031-082522FS025,3.4,942.0,1.0,942.0,942.0,2023-08-24 23:00:00 UTC,,
349,Astra 6X,Lighting,LDMtv,"",LDM1897,LP-031-082522FS041,3.4,942.0,1.0,942.0,942.0,2023-08-24 23:00:00 UTC,,
350,Astra 6X,Lighting,LDMtv,"",LDM1898,LP-031-082522FS030,3.4,942.0,1.0,942.0,942.0,2023-08-24 23:00:00 UTC,,
1361,B7C,Lighting,LDMtv,Prod,3133,6EQ146817,1.0,62.0,1.0,62.0,62.0,2024-12-17 00:00:00 UTC,,
1360,B7C,Lighting,LDMtv,Prod,3134,6EQ135968,1.0,62.0,1.0,62.0,62.0,2024-12-17 00:00:00 UTC,,
673,Fixture Cover,Lighting,LDMtv,"","","",0.75,100.0,3.0,300.0,100.0,2023-11-19 00:00:00 UTC,,
1384,Lantern,Lighting,LDMtv,Prod,3151,6EM04X16560,2.59,143.0,1.0,143.0,143.0,2024-12-17 00:00:00 UTC,,
1386,Light Box 30120,Lighting,LDMtv,Prod,3152,6KQ01L28835,1.08,77.0,1.0,77.0,77.0,2024-12-17 00:00:00 UTC,,
1385,Lighting Umbrella,Lighting,LDMtv,"","","",1.49,78.0,2.0,156.0,78.0,2020-12-17 00:00:00 UTC,,
677,Litepanel Kit,Lighting,LDMtv,G4,5368908,5368908,21.0,2995.0,1.0,2995.0,2995.0,2023-11-20 00:00:00 UTC,,
1359,MC 4 - Light Travel Kit,Lighting,LDMtv,"",3132,6FS02A33896,3.0,392.0,1.0,392.0,392.0,2024-12-17 00:00:00 UTC,,
1372,PT2c,Lighting,LDMtv,Prod,3129,6TM00011135,2.0,259.0,1.0,259.0,259.0,2024-12-17 00:00:00 UTC,,
1373,PT2c,Lighting,LDMtv,Prod,3131,6TM00011135,2.0,259.0,1.0,259.0,259.0,2024-12-17 00:00:00 UTC,,
1380,PT4c,Lighting,LDMtv,Prod,3136,6TN00011017,1.37,434.0,1.0,434.0,434.0,2024-12-17 00:00:00 UTC,,
1379,PT4c,Lighting,LDMtv,Prod,3137,6TN00011017,1.37,434.0,1.0,434.0,434.0,2024-12-17 00:00:00 UTC,,
681,Snapbag,Lighting,LDMtv,"","","",0.3,206.0,4.0,824.0,206.0,2023-11-20 00:00:00 UTC,,
1371,Spotlight Mount,Lighting,LDMtv,Prod,3143,"",10.0,405.0,1.0,405.0,405.0,2024-12-17 00:00:00 UTC,,
1668,T120 LED Panel light,Lighting,LDMtv,"",LDM1217,N/A,2.0,90.0,1.0,90.0,0.0,2025-02-19 00:00:00 UTC,,
1120,VL-200T Light Panel Kit,Lighting,LDMtv,O4,5368998A,5368998A,7.0,200.0,1.0,200.0,0.0,2024-12-09 00:00:00 UTC,,
1187,AC Mesh Antenna,Networking,LDMtv,N2,LDM1468,1941G7483C2C900C40-OJMP7E,1.0,90.0,1.0,90.0,90.0,2024-12-10 00:00:00 UTC,,
1189,AC Mesh Antenna,Networking,LDMtv,"",LDM1469,2327VD8B370A0CCD4-6FU3M,1.0,90.0,1.0,90.0,90.0,2024-12-10 00:00:00 UTC,,
1191,AC Mesh Antenna,Networking,LDMtv,N2,LDM1470,2327VD8B370A0CE7E-M2QK4C,1.0,90.0,1.0,90.0,90.0,2024-12-10 00:00:00 UTC,,
707,AC Mesh Antenna,Networking,LDMtv,"",LDM1782,6545A-UAPACM,1.0,90.0,1.0,90.0,90.0,2024-11-25 00:00:00 UTC,,
1829,Balance 20X,Networking,LDMtv,"",LDM1306,192C-E125-8C28,0.9,399.0,1.0,399.0,0.0,2020-06-02 23:00:00 UTC,,
365,Balance 305,Networking,LDMtv,A2,61030,182617927BED,3.95,1799.0,1.0,1799.0,1799.0,2023-08-24 23:00:00 UTC,,
746,Balance 310 Fiber 5G,Networking,LDMtv,D2,61036,1926-1732-C1F7,1.95,2546.0,1.0,2546.0,0.0,2024-11-28 00:00:00 UTC,,
847,Balance 310X,Networking,LDMtv,"",LDM1695,1925-F234-17AA,3.3,1899.0,1.0,1899.0,1899.0,2024-11-29 00:00:00 UTC,,
1210,Cased Media MC111 with POE Injector,Networking,LDMtv,"",5368853,5368853,1.5,400.0,1.0,400.0,400.0,2024-12-10 00:00:00 UTC,,
1201,Cloud Gateway Ultra,Networking,LDMtv,N2,LDM1460,9C5D6AB376F,0.5,75.0,1.0,75.0,75.0,2024-12-10 00:00:00 UTC,,
1522,Gigabeam LR,Networking,LDMtv,K2,LDM1198,N/A,1.55,320.0,1.0,320.0,320.0,2020-01-20 00:00:00 UTC,,
1523,Gigabeam LR,Networking,LDMtv,K2,LDM1203,N/A,1.55,320.0,1.0,320.0,320.0,2020-01-20 00:00:00 UTC,,
1518,GPOE204,Networking,LDMtv,N2,LDM1195,N/A,0.4,25.0,1.0,25.0,25.0,2020-01-16 00:00:00 UTC,,
1519,GPOE204,Networking,LDMtv,N2,LDM1196,"",0.4,25.0,1.0,25.0,25.0,2020-01-16 00:00:00 UTC,,
961,GS108LP,Networking,LDMtv,D2,61050,5FA11BDA50AD8,1.35,98.0,1.0,98.0,0.0,2024-12-02 00:00:00 UTC,,
1845,GS305P,Networking,LDMtv,D2,61039,4YJ17AD1A0ACB,0.65,0.0,1.0,0.0,0.0,2020-06-24 23:00:00 UTC,,
1180,GS724T,Networking,LDMtv,"",LDM1464,"",4.0,172.0,1.0,172.0,172.0,2024-12-10 00:00:00 UTC,,
1925,IMC-1F1T,Networking,LDMtv,"",LDM1261,AH101922300667,0.4,161.0,1.0,161.0,0.0,2026-01-21 00:00:00 UTC,,
1610,IMC-GA1F1T,Networking,LDMtv,"",LDM1212,G2210242124000005,0.5,50.0,1.0,50.0,0.0,2025-02-11 00:00:00 UTC,,
1479,KVM Switch 4 Port,Networking,LDMtv,T16 Rack,LDM1317,"",1.62,80.0,1.0,80.0,80.0,2020-12-19 00:00:00 UTC,,
1439,Lite POE 8,Networking,LDMtv,T16 TSV,LDM1345,"",0.45,115.0,1.0,115.0,115.0,2020-12-17 00:00:00 UTC,,
974,MC110CS Fast Ethernet Media Converter,Networking,LDMtv,"",LDM0458,215C196001174,0.2,30.0,1.0,30.0,0.0,2024-12-02 00:00:00 UTC,,
973,MC110CS Fast Ethernet Media Converter,Networking,LDMtv,"",LDM1618,2159451000587,0.2,30.0,1.0,30.0,0.0,2024-12-02 00:00:00 UTC,,
972,MC110CS Fast Ethernet Media Converter,Networking,LDMtv,"",LDM1619,215C196001181,0.2,30.0,1.0,30.0,0.0,2024-12-02 00:00:00 UTC,,
971,MC110CS Fast Ethernet Media Converter,Networking,LDMtv,"",LDM1620,215C196001184,0.2,30.0,1.0,30.0,0.0,2024-12-02 00:00:00 UTC,,
970,MC110CS Fast Ethernet Media Converter,Networking,LDMtv,"",LDM1621,2159451000583,0.2,30.0,1.0,30.0,0.0,2024-12-02 00:00:00 UTC,,
968,MC111CS WDM Fast Ethernet Media Converter,Networking,LDMtv,"",LDM0546,2168556000432,0.2,30.0,1.0,30.0,30.0,2024-12-02 00:00:00 UTC,,
979,MC111CS WDM Fast Ethernet Media Converter,Networking,LDMtv,"",LDM1616,2192066000625,0.2,30.0,1.0,30.0,30.0,2024-12-02 00:00:00 UTC,,
949,MC111CS WDM Fast Ethernet Media Converter,Networking,LDMtv,"",T16-009,2175204001442,0.2,30.0,1.0,30.0,30.0,2024-12-02 00:00:00 UTC,,
978,MC111CS WDM Fast Ethernet Media Converter,Networking,LDMtv,"",T16-074,2192066000609,0.2,30.0,1.0,30.0,30.0,2024-12-02 00:00:00 UTC,,
948,MC111CS WDM Fast Ethernet Media Converter,Networking,LDMtv,"",T16-075,2192066000622,0.2,30.0,1.0,30.0,30.0,2024-12-02 00:00:00 UTC,,
980,MC112CS WDM Fast Ethernet Media Converter,Networking,LDMtv,D2,61042,2171331001768,0.2,30.0,1.0,30.0,30.0,2024-12-02 00:00:00 UTC,,
1036,MC112CS WDM Fast Ethernet Media Converter,Networking,LDMtv,D2,61043,2194766001073,0.2,30.0,1.0,30.0,30.0,2024-12-09 00:00:00 UTC,,
1035,MC112CS WDM Fast Ethernet Media Converter,Networking,LDMtv,"",LDM1554,2194766001065,0.2,30.0,1.0,30.0,30.0,2024-12-09 00:00:00 UTC,,
981,MC112CS WDM Fast Ethernet Media Converter,Networking,LDMtv,"",LDM1615,2194766001075,0.2,30.0,1.0,30.0,30.0,2024-12-02 00:00:00 UTC,,
966,MC112CS WDM Fast Ethernet Media Converter,Networking,LDMtv,"",LDM1626,2194766001077,0.2,30.0,1.0,30.0,30.0,2024-12-02 00:00:00 UTC,,
947,MC112CS WDM Fast Ethernet Media Converter,Networking,LDMtv,"",T16-015,Missing,0.2,30.0,1.0,30.0,30.0,2024-12-02 00:00:00 UTC,,
946,MC112CS WDM Fast Ethernet Media Converter,Networking,LDMtv,"",T16-076,2194766001069,0.2,30.0,1.0,30.0,30.0,2024-12-02 00:00:00 UTC,,
975,MC210CS Gigabit Media Converter,Networking,LDMtv,"",LDM0463,2161580001878,0.2,30.0,1.0,30.0,0.0,2024-12-02 00:00:00 UTC,,
1009,MC210CS Gigabit Media Converter,Networking,LDMtv,"",LDM1598,2181855003777,0.2,30.0,1.0,30.0,0.0,2024-12-02 00:00:00 UTC,,
1008,MC210CS Gigabit Media Converter,Networking,LDMtv,"",LDM1599,Missing,0.2,30.0,1.0,30.0,0.0,2024-12-02 00:00:00 UTC,,
1007,MC210CS Gigabit Media Converter,Networking,LDMtv,"",LDM1600,2193053002787,0.2,30.0,1.0,30.0,0.0,2024-12-02 00:00:00 UTC,,
1006,MC210CS Gigabit Media Converter,Networking,LDMtv,"",LDM1601,2193053002785,0.2,30.0,1.0,30.0,0.0,2024-12-02 00:00:00 UTC,,
976,MC210CS Gigabit Media Converter,Networking,LDMtv,"",LDM1617,2185489000933,0.2,30.0,1.0,30.0,0.0,2024-12-02 00:00:00 UTC,,
977,MC210CS Gigabit Media Converter,Networking,LDMtv,"",LDM725,2161580001873,0.2,30.0,1.0,30.0,0.0,2024-12-02 00:00:00 UTC,,
1477,MC220L Gigabit Ethernet Media Converter,Networking,LDMtv,T16 Rack,LDM1318,"",0.2,30.0,1.0,30.0,0.0,2020-12-19 00:00:00 UTC,,
1033,MC220L Gigabit Ethernet Media Converter,Networking,LDMtv,"",LDM1552,2181265002309,0.2,30.0,1.0,30.0,0.0,2024-12-09 00:00:00 UTC,,
1034,MC220L Gigabit Ethernet Media Converter,Networking,LDMtv,"",LDM1553,2181265002282,0.2,30.0,1.0,30.0,0.0,2024-12-09 00:00:00 UTC,,
1030,MC220L Gigabit Ethernet Media Converter,Networking,LDMtv,"",LDM1555,2181265002284,0.2,30.0,1.0,30.0,0.0,2024-12-09 00:00:00 UTC,,
1031,MC220L Gigabit Ethernet Media Converter,Networking,LDMtv,"",LDM1556,2197504001975,0.2,30.0,1.0,30.0,0.0,2024-12-09 00:00:00 UTC,,
1032,MC220L Gigabit Ethernet Media Converter,Networking,LDMtv,"",LDM1557,2185487000250,0.2,30.0,1.0,30.0,0.0,2024-12-09 00:00:00 UTC,,
982,MC220L Gigabit Ethernet Media Converter,Networking,LDMtv,"",LDM1614,09981400990,0.2,30.0,1.0,30.0,0.0,2024-12-02 00:00:00 UTC,,
969,MC220L Gigabit Ethernet Media Converter,Networking,LDMtv,"",LDM1622,218B872000134,0.2,30.0,1.0,30.0,0.0,2024-12-02 00:00:00 UTC,,
967,MC220L Gigabit Ethernet Media Converter,Networking,LDMtv,"",LDM1623,2181265002304,0.2,30.0,1.0,30.0,0.0,2024-12-02 00:00:00 UTC,,
963,MC220L Gigabit Ethernet Media Converter,Networking,LDMtv,"",LDM1624,2177291001837,0.2,30.0,1.0,30.0,0.0,2024-12-02 00:00:00 UTC,,
983,MMC-GASFP,Networking,LDMtv,"",LDM1613,Missing,0.2,50.0,1.0,50.0,0.0,2024-12-02 00:00:00 UTC,,
1194,Mobile Router,Networking,LDMtv,N2,LDM1459,942A6F010DA0,1.0,150.0,1.0,150.0,150.0,2024-12-10 00:00:00 UTC,,
1389,Mobility 42G,Networking,LDMtv,"",LDM1388,4001C11A85B6,1.0,440.0,1.0,440.0,440.0,2024-12-17 00:00:00 UTC,,
1261,Network  Switch,Networking,LDMtv,D2,61040,N/A,0.5,100.0,1.0,100.0,100.0,2024-12-16 00:00:00 UTC,,
810,PMC-1F1T,Networking,LDMtv,"",LDM1719,AA405021B02701,0.3,88.0,1.0,88.0,88.0,2024-11-29 00:00:00 UTC,,
462,Pro 48 PoE,Networking,LDMtv,V16,LDM1143,2125G,6.3,840.0,1.0,840.0,840.0,2024-03-26 00:00:00 UTC,,
1456,ProSafe GS105,Networking,LDMtv,V16,LDM1331,"",0.25,30.0,1.0,30.0,0.0,2020-12-19 00:00:00 UTC,,
1455,ProSafe GS105,Networking,LDMtv,V16,LDM1332,"",0.25,30.0,1.0,30.0,0.0,2020-12-19 00:00:00 UTC,,
988,ProSafe GS105,Networking,LDMtv,N2,LDM1610,3TL1815W076A3,0.25,30.0,1.0,30.0,0.0,2024-12-02 00:00:00 UTC,,
987,ProSafe GS105,Networking,LDMtv,N2,LDM759,2N11433E58A3D,0.25,30.0,1.0,30.0,0.0,2024-12-02 00:00:00 UTC,,
986,ProSafe GS110TP,Networking,LDMtv,N2,LDM1788,3R7C9A5G00111,1.0,128.0,1.0,128.0,0.0,2024-12-02 00:00:00 UTC,,
460,Prosafe GS728TP,Networking,LDMtv,V16,LDM1141,3AP4685000BA9,3.9,499.0,1.0,499.0,499.0,2024-03-26 00:00:00 UTC,,
1431,Prosafe GS728TP,Networking,LDMtv,T16 Sound Upper,LDM1351,3AP4685B00938,3.9,499.0,1.0,499.0,499.0,2020-12-17 00:00:00 UTC,,
1432,Prosafe GS728TP,Networking,LDMtv,T16 Sound Lower,LDM1352,3AP4685D0092C,3.9,499.0,1.0,499.0,499.0,2020-12-17 00:00:00 UTC,,
461,Prosafe GS728TPP,Networking,LDMtv,A2,61028,3AR47B5T00170,4.0,550.0,1.0,550.0,550.0,2024-03-26 00:00:00 UTC,,
1516,RouterBOARD 260G-S,Networking,LDMtv,A2,61034,N/A,2.3,50.0,1.0,50.0,50.0,2020-01-16 00:00:00 UTC,,
1517,RouterBOARD 260G-S,Networking,LDMtv,A2,61035,N/A,2.3,50.0,1.0,50.0,50.0,2020-01-16 00:00:00 UTC,,
463,RPS,Networking,LDMtv,V16,LDM1144,2121G,5.05,305.0,1.0,305.0,305.0,2024-03-26 00:00:00 UTC,,
1108,SRW2008P,Networking,LDMtv,N2,LDM1493,RMW00J801228,1.1,175.0,1.0,175.0,0.0,2024-12-09 00:00:00 UTC,,
1107,SRW2008P,Networking,LDMtv,N2,LDM1494,RMR00J200290,1.1,175.0,1.0,175.0,0.0,2024-12-09 00:00:00 UTC,,
1825,Starlink HP Flat,Networking,LDMtv,"",LDM1247,HPUNE0000010863,0.0,1500.0,1.0,1500.0,0.0,2020-05-12 23:00:00 UTC,,
1821,Starlink Mini,Networking,LDMtv,"",LDM1249,M1HT00463591,3.7,400.0,1.0,400.0,0.0,2025-05-12 23:00:00 UTC,,
1822,Starlink Mini,Networking,LDMtv,"",LDM1250,M1HT00458331,3.7,400.0,1.0,400.0,0.0,2025-05-12 23:00:00 UTC,,
1823,Starlink Mini,Networking,LDMtv,"",LDM1251,M1HT00458319,3.7,400.0,1.0,400.0,0.0,2020-05-12 23:00:00 UTC,,
811,Starlink Roam,Networking,LDMtv,K1,LDM1914,WAHT01029070,9.4,425.0,1.0,425.0,425.0,2024-11-29 00:00:00 UTC,,
1824,Starlink Standard Gen 3,Networking,LDMtv,"",LDM1248,4PBA02717397,0.0,300.0,1.0,300.0,0.0,2020-05-12 23:00:00 UTC,,
1844,SW40010-G-POE,Networking,LDMtv,N2,LDM1297,N/A,0.6,90.0,1.0,90.0,0.0,2020-06-24 23:00:00 UTC,,
1096,SW40010-G-POE,Networking,LDMtv,N2,LDM1500,N/A,0.6,90.0,1.0,90.0,0.0,2024-12-09 00:00:00 UTC,,
1095,SW40010-G-POE,Networking,LDMtv,N2,LDM1501,N/A,0.6,90.0,1.0,90.0,0.0,2024-12-09 00:00:00 UTC,,
480,Switch 16,Networking,LDMtv,V16 Front,LDM1161,2020G,2.9,229.0,1.0,229.0,229.0,2024-03-26 00:00:00 UTC,,
760,T1500G-10ps,Networking,LDMtv,D2,61037,2189B02001849,0.6,125.0,1.0,125.0,125.0,2024-11-28 00:00:00 UTC,,
1059,T1500G-10ps,Networking,LDMtv,D2,61038,219A124000400,0.6,125.0,1.0,125.0,125.0,2024-12-09 00:00:00 UTC,,
1475,T1500G-10ps,Networking,LDMtv,T16 Rack,LDM1321,"",0.6,125.0,1.0,125.0,125.0,2024-12-19 00:00:00 UTC,,
825,T1500G-10ps,Networking,LDMtv,"",LDM1709,2189561001177,0.6,125.0,1.0,125.0,125.0,2024-11-29 00:00:00 UTC,,
826,T1500G-10ps,Networking,LDMtv,"",LDM1710,218C768001049,0.6,125.0,1.0,125.0,125.0,2024-11-29 00:00:00 UTC,,
711,T1500G-10ps,Networking,LDMtv,"",LDM1779,219A124000394,0.6,125.0,1.0,125.0,125.0,2024-11-25 00:00:00 UTC,,
381,T1600G-28PS,Networking,LDMtv,A2,61026,218BB84000143,3.4,300.0,1.0,300.0,300.0,2023-08-24 23:00:00 UTC,,
552,T1600G-28TS,Networking,LDMtv,A2,61029,2193784000283,1.7,200.0,1.0,200.0,200.0,2024-06-02 23:00:00 UTC,,
1086,TL-MCRP100,Networking,LDMtv,M2,LDM1510,N/A,5.0,250.0,1.0,250.0,250.0,2024-12-09 00:00:00 UTC,,
1476,TL-SG1005LP,Networking,LDMtv,T16 Rack,LDM1320,"",0.75,32.0,1.0,32.0,32.0,2020-12-19 00:00:00 UTC,,
1438,TL-SG1008P,Networking,LDMtv,T16 TSV,LDM1346,"",0.36,55.0,1.0,55.0,55.0,2020-12-17 00:00:00 UTC,,
553,TL-SG1016,Networking,LDMtv,A2,61027,12A61500609,1.55,108.0,1.0,108.0,108.0,2024-06-02 23:00:00 UTC,,
794,TL-SG1016,Networking,LDMtv,"",LDM1723,2171157005519,1.55,108.0,1.0,108.0,108.0,2024-11-29 00:00:00 UTC,,
965,TL-SG108,Networking,LDMtv,D2,61048,2192048000221,0.4,55.0,1.0,55.0,0.0,2024-12-02 00:00:00 UTC,,
839,TL-SG 108,Networking,LDMtv,"",LDM1696,N/A,0.5,90.0,1.0,90.0,0.0,2024-11-29 00:00:00 UTC,,
742,TL-SG 108,Networking,LDMtv,"",LDM1755,N/A,0.5,90.0,1.0,90.0,0.0,2024-11-28 00:00:00 UTC,,
964,TL-SG108PE,Networking,LDMtv,D2,61049,221BOX,0.5,70.0,1.0,70.0,0.0,2024-12-02 00:00:00 UTC,,
1932,TP Link TL-SG1005P,Networking,LDMtv,D2,61041,221B186000752,0.0,45.0,1.0,45.0,0.0,2026-01-30 00:00:00 UTC,,
1019,UAP Nano HD,Networking,LDMtv,Man City - MCR,LDM1591,SWX-UAPHDNANO,0.25,185.0,1.0,185.0,0.0,2024-12-03 00:00:00 UTC,,
1910,ubiquiti,Networking,LDMtv,"",LDM1280,25114501064,0.07,36.49,1.0,36.49,0.0,2026-01-19 00:00:00 UTC,,
1911,ubiquiti,Networking,LDMtv,"",LDM1281,25114501638,0.07,36.49,1.0,36.49,0.0,2026-01-19 00:00:00 UTC,,
383,UCK G2 Plus,Networking,LDMtv,"",LDM1929,D021F9DE14E7-3MVVpY,0.6,159.0,1.0,159.0,159.0,2023-08-24 23:00:00 UTC,,
1908,UDM Pro,Networking,LDMtv,"",LDM1284,6C63F8491 r2JVYT,3.9,290.0,1.0,290.0,290.0,2026-01-19 00:00:00 UTC,,
1473,UDM Pro,Networking,LDMtv,T16 Rack,LDM1323,2118K,3.9,290.0,1.0,290.0,290.0,2020-12-19 00:00:00 UTC,,
465,UDM-SE,Networking,LDMtv,V16,LDM1146,2247V,4.75,380.0,1.0,380.0,380.0,2024-03-26 00:00:00 UTC,,
985,UMC-GA1F1T,Networking,LDMtv,"",LDM1611,G2106239400000149,0.2,50.0,1.0,50.0,0.0,2024-12-02 00:00:00 UTC,,
984,UMC-GA1F1T,Networking,LDMtv,"",LDM1612,G2111185074000118,0.2,50.0,1.0,50.0,0.0,2024-12-02 00:00:00 UTC,,
1337,UMC-GA1F2T,Networking,LDMtv,"",LDM1398,G2106239403000044,0.2,50.0,1.0,50.0,50.0,2024-12-17 00:00:00 UTC,,
1504,Unifi AP AC Lite,Networking,LDMtv,N2,LDM1183,1943G,0.0,120.0,1.0,120.0,120.0,2025-01-15 00:00:00 UTC,,
765,UniFi Express,Networking,LDMtv,A2,61032,N/A,0.3,99.0,1.0,99.0,99.0,2024-11-29 00:00:00 UTC,,
764,UniFi Express,Networking,LDMtv,"",n/a,"",0.3,99.0,1.0,99.0,99.0,2024-11-29 00:00:00 UTC,,
1904,Unifi U6 Lite,Networking,LDMtv,"",LDM1232,2231GD021F9BCAB78-zZL2Ze,0.32,90.0,1.0,90.0,0.0,2026-01-19 00:00:00 UTC,,
1903,Unifi U6 Lite,Networking,LDMtv,"",LDM1233,2231GD021F9BCB3DC-f6dyer,0.32,90.0,1.0,90.0,0.0,2026-01-19 00:00:00 UTC,,
1091,US-48-500W,Networking,LDMtv,M2,LDM1505,2039G,6.05,950.0,1.0,950.0,0.0,2024-12-09 00:00:00 UTC,,
554,US-48-750W,Networking,LDMtv,M2,LDM1813,1645GF,6.4,785.0,1.0,785.0,785.0,2024-06-02 23:00:00 UTC,,
549,USG-Pro-4,Networking,LDMtv,A2,61031,1907K,1.9,219.0,1.0,219.0,219.0,2024-06-02 23:00:00 UTC,,
384,USW 16 PoE,Networking,LDMtv,"",LDM1918,D021F9D4E7FE-E3JTX7,2.9,229.0,1.0,229.0,229.0,2023-08-24 23:00:00 UTC,,
385,USW 24,Networking,LDMtv,M2,LDM1921,70A7417AC27C-Gdqm8O,2.45,170.0,1.0,170.0,170.0,2023-08-24 23:00:00 UTC,,
1435,USW 24 POE,Networking,LDMtv,T16 Sound,LDM1349,To follow,3.0,360.0,1.0,360.0,360.0,2020-12-17 00:00:00 UTC,,
702,USW Aggregation,Networking,LDMtv,V16,LDM1145,2246G,2.25,205.0,1.0,205.0,205.0,2024-11-24 00:00:00 UTC,,
706,USW Aggregation,Networking,LDMtv,"",LDM1781,2116G,2.25,205.0,1.0,205.0,205.0,2024-11-25 00:00:00 UTC,,
386,USW Aggregation,Networking,LDMtv,"",LDM1924,245A4C14A968-qPFxWZ,2.25,205.0,1.0,205.0,205.0,2023-08-24 23:00:00 UTC,,
387,USW Aggregation,Networking,LDMtv,"",LDM1925,245A4C14ABDE-QNDVtX,2.25,205.0,1.0,205.0,205.0,2023-08-24 23:00:00 UTC,,
766,USW-Lite-8-POE (52W),Networking,LDMtv,A2,61033,N/A,0.3,102.0,1.0,102.0,102.0,2024-11-29 00:00:00 UTC,,
1907,USW Pro 24 PoE,Networking,LDMtv,"",LDM1238,6C63F8i8q105 HNr,4.4,535.0,1.0,535.0,535.0,2026-01-19 00:00:00 UTC,,
388,USW Pro 24 PoE,Networking,LDMtv,"",LDM1922,7845586D20F1-VMgYN2,4.4,535.0,1.0,535.0,535.0,2023-08-24 23:00:00 UTC,,
389,USW Pro 24 PoE,Networking,LDMtv,"",LDM1928,7845586ECDB6-qBGDyw,4.4,535.0,1.0,535.0,535.0,2023-08-24 23:00:00 UTC,,
1909,USW-Pro-48,Networking,LDMtv,"",LDM1279,0CEA14E86 UUUtye,6.2,840.0,1.0,840.0,840.0,2026-01-19 00:00:00 UTC,,
564,USW-Pro-48,Networking,LDMtv,"",LDM1804,3nVTnQ,6.2,840.0,1.0,840.0,840.0,2024-06-27 23:00:00 UTC,,
565,USW-Pro-48,Networking,LDMtv,"",LDM1805,EK2tav,6.2,840.0,1.0,840.0,840.0,2024-06-27 23:00:00 UTC,,
563,USW-Pro-48,Networking,LDMtv,"",LDM1809,tVYF36,6.2,840.0,1.0,840.0,840.0,2024-06-27 23:00:00 UTC,,
713,USW-Pro-48,Networking,LDMtv,"",LDM1927,D021F952EBA1-LiXQJT,6.2,840.0,1.0,840.0,840.0,2020-11-25 00:00:00 UTC,,
1905,USW Pro 8 PoE,Networking,LDMtv,"",LDM1231,6C63F848B,2.2,230.0,1.0,230.0,230.0,2026-01-19 00:00:00 UTC,,
1906,USW Pro 8 PoE,Networking,LDMtv,"",LDM1237,58D61F1C3,2.2,230.0,1.0,230.0,230.0,2026-01-19 00:00:00 UTC,,
1459,USW Pro 8 PoE,Networking,LDMtv,"",LDM1328,9C05D651B,2.2,230.0,1.0,230.0,230.0,2020-12-19 00:00:00 UTC,,
705,USW Pro Aggregation,Networking,LDMtv,"",LDM1780,9C05D6AC5C3E,4.7,826.0,1.0,826.0,826.0,2024-11-25 00:00:00 UTC,,
391,UXG Pro,Networking,LDMtv,"",LDM1926,D021F97CF6B5-aPmiMV,3.4,380.0,1.0,380.0,380.0,2023-08-24 23:00:00 UTC,,
1839,Vigor2860,Networking,LDMtv,D2,61044,172003222994,0.5,0.0,1.0,0.0,0.0,2020-06-24 23:00:00 UTC,,
1840,Vigor2860,Networking,LDMtv,D2,61045,172003222998,0.5,0.0,1.0,0.0,0.0,2020-06-24 23:00:00 UTC,,
321,Vigor2926ac,Networking,LDMtv,D2,61046,187001DAA092120,0.65,271.0,1.0,271.0,271.0,2023-08-24 23:00:00 UTC,,
1390,Aeron,Other,LDMtv,PCR,"","",15.0,899.0,7.0,6293.0,899.0,2020-12-17 00:00:00 UTC,,
1759,Big Fridge,Other,LDMtv,"",LDM1296,340-63704901-8904-10A0016,32.0,89.0,1.0,89.0,0.0,2025-02-24 00:00:00 UTC,,
1972,CDWM Mux Demux,Other,LDMtv,"",42972,"",3.6,150.0,1.0,150.0,0.0,2026-03-06 00:00:00 UTC,,
1971,CDWM Mux Demux,Other,LDMtv,"",G2410285803000855,"",3.6,150.0,1.0,150.0,0.0,2026-03-06 00:00:00 UTC,,
1973,CDWM Mux Demux,Other,LDMtv,"",G2410285803000855G2410285803000855,"",3.6,150.0,1.0,150.0,0.0,2026-03-06 00:00:00 UTC,,
1970,CDWM Mux Demux,Other,LDMtv,"",LDM1886,42972,3.6,150.0,1.0,150.0,0.0,2026-03-06 00:00:00 UTC,,
1974,CDWM Mux Demux,Other,LDMtv,"",LDM1887,G2410285803000855,3.6,150.0,1.0,150.0,0.0,2026-03-06 00:00:00 UTC,,
1388,CoolRac,Other,LDMtv,"",LDM1389,B512527,1.4,265.0,1.0,265.0,265.0,2024-12-17 00:00:00 UTC,,
1340,Desk Lamp,Other,LDMtv,"","","",2.0,15.0,10.0,150.0,15.0,2020-12-17 00:00:00 UTC,,
1160,Dual Monitor Bag,Other,LDMtv,B1,5368956,5368956,3.3,100.0,1.0,100.0,100.0,2024-12-10 00:00:00 UTC,,
854,Generator Trailer,Other,LDMtv,"",GEN-1,GEN-1,225.0,5000.0,1.0,5000.0,5000.0,2024-11-30 00:00:00 UTC,,
1709,Kettle,Other,LDMtv,"",LDM1304,19320FD,0.5,10.0,1.0,10.0,0.0,2025-02-24 00:00:00 UTC,,
1756,Microwave Oven,Other,LDMtv,"",LDM1291,540F819440425111200405,23.5,55.0,1.0,55.0,0.0,2025-02-24 00:00:00 UTC,,
1207,Mini Camera Kit,Other,LDMtv,K4,5368967,5368967,3.8,1000.0,1.0,1000.0,1000.0,2024-12-10 00:00:00 UTC,,
1981,Mix Zone Peli Case,Other,LDMtv,"",3221,na,8.9,3000.0,1.0,3000.0,0.0,2026-03-06 00:00:00 UTC,,
1751,Offroad Cart,Other,LDMtv,"",5369000,217422eec16348,10.0,99.0,1.0,99.0,0.0,2025-02-24 00:00:00 UTC,,
1708,Quest Grill,Other,LDMtv,"",LDM1303,108465,0.5,21.99,1.0,21.99,0.0,2025-02-24 00:00:00 UTC,,
1864,Room Alert 3E,Other,LDMtv,"",6044,RA3E-C913A2,0.1,100.0,1.0,100.0,0.0,2025-08-10 23:00:00 UTC,,
316,SCU 3100,Other,LDMtv,"",LDM1016,9-006,3.0,6000.0,1.0,6000.0,6000.0,2023-08-24 23:00:00 UTC,,
1342,Small Studio Desk,Other,LDMtv,"","","",0.0,549.0,2.0,1098.0,549.0,2020-12-17 00:00:00 UTC,,
1343,Studio Desk Pod,Other,LDMtv,"","","",0.0,159.0,8.0,1272.0,159.0,2020-12-17 00:00:00 UTC,,
1478,T16 Rack,Other,LDMtv,"",5368925,5368925,10.0,325.0,1.0,325.0,325.0,2024-12-19 00:00:00 UTC,,
1470,16A Turtle Distro,Power,LDMtv,"",T16-032,"",2.9,392.08,1.0,392.08,392.08,2024-12-19 00:00:00 UTC,,
1465,32A 3 Phase Distro,Power,LDMtv,"",T16-094,"",5.0,564.19,1.0,564.19,564.19,2024-12-19 00:00:00 UTC,,
1468,32A Single Distro,Power,LDMtv,"",T16-093,5368983,0.0,395.0,1.0,395.0,395.0,2024-12-19 00:00:00 UTC,,
1469,32A Turtle Distro,Power,LDMtv,"",T16-083,"",2.7,230.95,1.0,230.95,230.95,2024-12-19 00:00:00 UTC,,
1448,5PX 3000,Power,LDMtv,V16,LDM1336,002085DE3500,32.7,1700.0,1.0,1700.0,1700.0,2020-12-19 00:00:00 UTC,,
1449,5PX 3000,Power,LDMtv,"",LDM1337,002085E3ABC3,32.7,1700.0,1.0,1700.0,1700.0,2020-12-19 00:00:00 UTC,,
1466,63A 3 Phase Distro,Power,LDMtv,"",5369011,"",0.0,652.0,1.0,652.0,652.0,2024-12-19 00:00:00 UTC,,
1323,63A Distro,Power,LDMtv,N4,LDM1407,N/A,20.0,2000.0,1.0,2000.0,2000.0,2024-12-16 00:00:00 UTC,,
1467,63A Single Distro,Power,LDMtv,"",5369010,"",0.0,410.0,1.0,410.0,410.0,2024-12-19 00:00:00 UTC,,
333,66404,Power,LDMtv,"",LDM1030,778046-001,2.0,400.0,1.0,400.0,400.0,2023-08-24 23:00:00 UTC,,
334,66404,Power,LDMtv,"",LDM1035,778046-002,2.0,400.0,1.0,400.0,400.0,2023-08-24 23:00:00 UTC,,
416,66404,Power,LDMtv,K1,LDM1113,770043-102,2.0,400.0,1.0,400.0,400.0,2023-10-16 23:00:00 UTC,,
377,Advanced R,Power,LDMtv,A2,LDM1000,406918D00713,8.9,400.0,1.0,400.0,400.0,2023-08-24 23:00:00 UTC,,
1874,AJA DRM RACK,Power,LDMtv,"",LDM1283,NA,2.0,750.0,1.0,750.0,0.0,2025-08-14 23:00:00 UTC,,
1442,ALC 161,Power,LDMtv,T16 TSV,LDM1344,ALC161-16685-P,2.6,477.0,1.0,477.0,0.0,2020-12-17 00:00:00 UTC,,
741,ALC 161,Power,LDMtv,"",LDM1754,ALC161-16683-P,2.6,477.0,1.0,477.0,0.0,2024-11-28 00:00:00 UTC,,
1835,Back-UPS CP12036LI,Power,LDMtv,"",LDM1243,1B2427E02257,0.3,40.0,1.0,40.0,0.0,2020-06-04 23:00:00 UTC,,
1836,Back-UPS CP12036LI,Power,LDMtv,"",LDM1244,1B2427E02669,0.3,40.0,1.0,40.0,0.0,2020-06-04 23:00:00 UTC,,
1524,CUE-H180 Battery,Power,LDMtv,Etihad RF Cams,LDM1201,CG2CA32L0456,1.05,280.0,1.0,280.0,280.0,2020-01-24 00:00:00 UTC,,
1525,CUE-H180 Battery,Power,LDMtv,Etihad RF Cams,LDM1202,CG2CA32L0449,1.05,280.0,1.0,280.0,280.0,2020-01-24 00:00:00 UTC,,
1526,CUE-H180 Battery,Power,LDMtv,Etihad RF Cams,LDM1204,CG2CA32L0454,1.05,280.0,1.0,280.0,280.0,2020-01-24 00:00:00 UTC,,
1527,CUE-H180 Battery,Power,LDMtv,Etihad RF Cams,LDM1205,CG2CA32L0097,1.05,280.0,1.0,280.0,280.0,2020-01-24 00:00:00 UTC,,
1083,DC7 Power Supply,Power,LDMtv,"",LDM1511,N/A,1.3,199.0,1.0,199.0,0.0,2024-12-09 00:00:00 UTC,,
749,EMO E617 Power Distribution,Power,LDMtv,"",LDM1744,923622,2.8,346.0,1.0,346.0,0.0,2024-11-28 00:00:00 UTC,,
751,EMO E617 Power Distribution,Power,LDMtv,"",LDM1745,923621,2.8,346.0,1.0,346.0,0.0,2024-11-28 00:00:00 UTC,,
1993,Explorer 1000+,Power,LDMtv,"",5368933,855125021702003,14.5,0.0,1.0,0.0,1149.0,2025-04-01 23:00:00 UTC,,
1687,HX-P21 (USB Power Hub),Power,LDMtv,"",LDM1219,N/A,0.5,39.95,1.0,39.95,0.0,2025-02-21 00:00:00 UTC,,
1688,HX-P21 (USB Power Hub),Power,LDMtv,"",LDM1220,N/A,0.5,39.95,1.0,39.95,0.0,2025-02-21 00:00:00 UTC,,
1882,IDX VL-4S,Power,LDMtv,"",LDM1227,K2-01248,1.7,700.0,1.0,700.0,700.0,2024-08-17 23:00:00 UTC,,
672,Kumo PSU,Power,LDMtv,"","","",0.2,115.0,5.0,575.0,115.0,2023-11-19 00:00:00 UTC,,
1671,Lithium ION Power Station,Power,LDMtv,"",LDM1216,2433,1.0,80.0,1.0,80.0,0.0,2025-02-19 00:00:00 UTC,,
1437,LPS II - 2000,Power,LDMtv,T16 TSV,LDM1347,"",22.5,2640.0,1.0,2640.0,2640.0,2020-12-17 00:00:00 UTC,,
840,LPS II - 3000,Power,LDMtv,"",LDM1697,313000-0718,26.8,3900.0,1.0,3900.0,0.0,2024-11-29 00:00:00 UTC,,
472,MDU,Power,LDMtv,V16,LDM1153,932145,1.7,205.0,1.0,205.0,205.0,2024-03-26 00:00:00 UTC,,
466,MDU12-16A,Power,LDMtv,V16,LDM1147,5016954,2.75,1186.0,1.0,1186.0,1186.0,2024-03-26 00:00:00 UTC,,
467,MDU12-16A,Power,LDMtv,V16,LDM1148,5019334,2.75,1186.0,1.0,1186.0,1186.0,2024-03-26 00:00:00 UTC,,
468,MDU12-16A,Power,LDMtv,V16,LDM1149,5021919,2.75,1186.0,1.0,1186.0,1186.0,2024-03-26 00:00:00 UTC,,
469,MDU12-16A,Power,LDMtv,V16,LDM1150,5021956,2.75,1186.0,1.0,1186.0,1186.0,2024-03-26 00:00:00 UTC,,
470,MDU12-16A,Power,LDMtv,V16,LDM1151,5019131,2.75,1186.0,1.0,1186.0,1186.0,2024-03-26 00:00:00 UTC,,
471,MDU12-16A,Power,LDMtv,V16,LDM1152,5021958,2.75,1186.0,1.0,1186.0,1186.0,2024-03-26 00:00:00 UTC,,
517,MDU12 -32A,Power,LDMtv,"",LDM1846,5013962,2.7,1186.0,0.0,0.0,1186.0,2024-06-02 23:00:00 UTC,,1.0
518,MDU12 -32A,Power,LDMtv,"",LDM1847,5013963,2.7,1186.0,0.0,0.0,1186.0,2024-06-02 23:00:00 UTC,,1.0
519,MDU12 -32A,Power,LDMtv,"",LDM1848,5013977,2.7,1186.0,1.0,1186.0,1186.0,2024-06-02 23:00:00 UTC,,
514,MDU12 -32A,Power,LDMtv,"",LDM1849,5013973,2.7,1186.0,1.0,1186.0,1186.0,2024-06-02 23:00:00 UTC,,
515,MDU12 -32A,Power,LDMtv,"",LDM1850,5013110,2.7,1186.0,0.0,0.0,1186.0,2024-06-02 23:00:00 UTC,,1.0
516,MDU12 -32A,Power,LDMtv,"",LDM1851,5014134,2.7,1186.0,0.0,0.0,1186.0,2024-06-02 23:00:00 UTC,,1.0
511,MDU12 -32A,Power,LDMtv,K1,LDM1852,5013931,2.7,1186.0,1.0,1186.0,1186.0,2024-06-02 23:00:00 UTC,,
512,MDU12 -32A,Power,LDMtv,K1,LDM1853,5014028,2.7,1186.0,1.0,1186.0,1186.0,2024-06-02 23:00:00 UTC,,
513,MDU12 -32A,Power,LDMtv,K1,LDM1854,5030448,2.7,1186.0,1.0,1186.0,1186.0,2024-06-02 23:00:00 UTC,,
508,MDU12 -32A,Power,LDMtv,K1,LDM1855,5014137,2.7,1186.0,1.0,1186.0,1186.0,2024-06-02 23:00:00 UTC,,
509,MDU12 -32A,Power,LDMtv,"",LDM1856,5014031,2.7,1186.0,0.0,0.0,1186.0,2024-06-02 23:00:00 UTC,,1.0
510,MDU12 -32A,Power,LDMtv,"",LDM1857,5013113,2.7,1186.0,0.0,0.0,1186.0,2024-06-02 23:00:00 UTC,,1.0
1148,MDU 16AMP - 14 IEC OUTPUT,Power,LDMtv,K1,LDM1558,MDU14U0317,1.3,600.0,1.0,600.0,600.0,2024-12-10 00:00:00 UTC,,
1149,MDU 16AMP - 14 IEC OUTPUT,Power,LDMtv,K1,LDM1559,MDU14U0041,1.3,600.0,1.0,600.0,600.0,2024-12-10 00:00:00 UTC,,
1145,MDU 16AMP - 14 IEC OUTPUT,Power,LDMtv,K1,LDM1561,MDU14U0240,1.3,600.0,1.0,600.0,600.0,2024-12-10 00:00:00 UTC,,
1146,MDU 16AMP - 14 IEC OUTPUT,Power,LDMtv,K1,LDM1562,MDU14U0053,1.3,600.0,1.0,600.0,600.0,2024-12-10 00:00:00 UTC,,
1147,MDU 16AMP - 14 IEC OUTPUT,Power,LDMtv,K1,LDM1563,MDU14U0101,1.3,600.0,1.0,600.0,600.0,2024-12-10 00:00:00 UTC,,
1143,MDU 16AMP - 14 IEC OUTPUT,Power,LDMtv,K1,LDM1566,MDU14U0086,1.3,600.0,1.0,600.0,600.0,2024-12-10 00:00:00 UTC,,
324,Nano 4-CH Charger,Power,LDMtv,"",LDM1903,"",0.75,145.0,1.0,145.0,145.0,2023-08-24 23:00:00 UTC,,
325,Nano One,Power,LDMtv,"",LDM1906,"",0.31,125.0,1.0,125.0,125.0,2023-08-24 23:00:00 UTC,,
326,Nano One,Power,LDMtv,"",LDM1907,"",0.31,125.0,1.0,125.0,125.0,2023-08-24 23:00:00 UTC,,
327,Nano Two,Power,LDMtv,"",LDM1904,"",0.52,164.0,1.0,164.0,164.0,2023-08-24 23:00:00 UTC,,
328,Nano Two,Power,LDMtv,"",LDM1905,"",0.52,164.0,1.0,164.0,164.0,2023-08-24 23:00:00 UTC,,
1500,Olson 8 Way 13A PDU,Power,LDMtv,K1,LDM1180,N/A,2.2,125.0,1.0,125.0,125.0,2025-01-15 00:00:00 UTC,,
1499,Olson 8 Way 13A PDU,Power,LDMtv,K1,LDM1181,N/A,2.2,125.0,1.0,125.0,125.0,2025-01-15 00:00:00 UTC,,
1498,Olson 8 Way 13A PDU,Power,LDMtv,K1,LDM1182,N/A,2.2,125.0,1.0,125.0,125.0,2025-01-15 00:00:00 UTC,,
1502,Olson 8 Way 13A PDU,Power,LDMtv,K1,LDM1184,N/A,2.2,125.0,1.0,125.0,125.0,2025-01-15 00:00:00 UTC,,
1501,Olson 8 Way 13A PDU,Power,LDMtv,K1,LDM1185,N/A,2.2,125.0,1.0,125.0,125.0,2025-01-15 00:00:00 UTC,,
1485,P6000s,Power,LDMtv,Trailer,"","",205.0,4900.0,1.0,4900.0,4900.0,2020-12-24 00:00:00 UTC,,
533,PD6 Power Center,Power,LDMtv,N1,LDM1832,00601409,5.0,1214.0,1.0,1214.0,1214.0,2024-06-02 23:00:00 UTC,,
534,PD6 Power Center,Power,LDMtv,V16,LDM1833,00601411,5.0,1214.0,1.0,1214.0,1214.0,2024-06-02 23:00:00 UTC,,
1472,PDU,Power,LDMtv,T16 Rack,LDM1326,"",2.2,300.0,1.0,300.0,300.0,2020-12-19 00:00:00 UTC,,
1458,PDU,Power,LDMtv,V16 Rear,LDM1329,239192-010,2.2,300.0,1.0,300.0,300.0,2020-12-19 00:00:00 UTC,,
1457,PDU,Power,LDMtv,V16 Front,LDM1330,"",2.2,300.0,1.0,300.0,300.0,2020-12-19 00:00:00 UTC,,
1197,PDU,Power,LDMtv,K1,LDM1446,734813-008,2.2,300.0,1.0,300.0,300.0,2024-12-10 00:00:00 UTC,,
1196,PDU,Power,LDMtv,K1,LDM1447,738432-009,2.2,300.0,1.0,300.0,300.0,2024-12-10 00:00:00 UTC,,
1195,PDU,Power,LDMtv,K1,LDM1448,47503-041,2.2,300.0,1.0,300.0,300.0,2024-12-10 00:00:00 UTC,,
364,PDU01-14,Power,LDMtv,"",LDM1010,N/A,2.0,354.0,1.0,354.0,354.0,2023-08-24 23:00:00 UTC,,
1694,Power Port 5,Power,LDMtv,"",LDM1223,N/A,0.5,29.99,1.0,29.99,0.0,2025-02-21 00:00:00 UTC,,
1691,Power Port 6,Power,LDMtv,"",LDM1222,N/A,0.5,29.99,1.0,29.99,0.0,2025-02-21 00:00:00 UTC,,
1434,Smart UPS X3000,Power,LDMtv,T16 Sound,LDM1350,AS1928153806,38.64,2210.0,1.0,2210.0,2210.0,2020-12-17 00:00:00 UTC,,
382,SMX1500LCD,Power,LDMtv,N1,LDM1930,2725NY0SM664700135,13.35,425.0,1.0,425.0,425.0,2023-08-24 23:00:00 UTC,,
1484,STW 6000,Power,LDMtv,Trailer,P100-UPS,MN42UT587320003,63.0,2172.0,1.0,2172.0,2172.0,2020-12-24 00:00:00 UTC,,
695,TK-E1HG/P,Power,LDMtv,"",LDM1785,S029179,0.15,215.0,1.0,215.0,215.0,2024-11-21 00:00:00 UTC,,
423,VL-175H,Power,LDMtv,"",LDM0781,"",1.33,450.0,1.0,450.0,450.0,2024-01-02 00:00:00 UTC,,
424,VL-175H,Power,LDMtv,"",LDM0782,"",1.33,450.0,1.0,450.0,450.0,2024-01-02 00:00:00 UTC,,
425,VL-175H,Power,LDMtv,"",LDM0783,"",1.33,450.0,1.0,450.0,450.0,2024-01-02 00:00:00 UTC,,
426,VL-175H,Power,LDMtv,"",LDM0784,"",1.33,450.0,1.0,450.0,450.0,2024-01-02 00:00:00 UTC,,
427,VL-175H,Power,LDMtv,"",LDM0785,"",1.33,450.0,1.0,450.0,450.0,2024-01-02 00:00:00 UTC,,
428,VL-175H,Power,LDMtv,"",LDM0786,"",1.33,450.0,1.0,450.0,450.0,2024-01-02 00:00:00 UTC,,
429,VL-175H,Power,LDMtv,"",LDM0787,"",1.33,450.0,1.0,450.0,450.0,2024-01-02 00:00:00 UTC,,
1025,VL-2 Plus,Power,LDMtv,"",LDM1574,VBXCA12M0151,1.0,408.0,1.0,408.0,408.0,2024-12-09 00:00:00 UTC,,
430,VL-2X2C,Power,LDMtv,"",LDM0789,"",1.07,275.0,1.0,275.0,275.0,2024-01-02 00:00:00 UTC,,
662,VL-4X4 Charger,Power,LDMtv,"",790,"",2.2,495.83,1.0,495.83,495.83,2024-11-19 00:00:00 UTC,,
654,VL90HP,Power,LDMtv,"",791,"",0.77,357.54,1.0,357.54,357.54,2024-11-19 00:00:00 UTC,,
655,VL90HP,Power,LDMtv,"",792,"",0.77,357.54,1.0,357.54,357.54,2024-11-19 00:00:00 UTC,,
656,VL90HP,Power,LDMtv,"",793,"",0.77,357.54,1.0,357.54,357.54,2024-11-19 00:00:00 UTC,,
657,VL90HP,Power,LDMtv,"",794,"",0.77,357.54,1.0,357.54,357.54,2024-11-19 00:00:00 UTC,,
658,VL90HP,Power,LDMtv,"",795,"",0.77,357.54,1.0,357.54,357.54,2024-11-19 00:00:00 UTC,,
659,VL90HP,Power,LDMtv,"",796,"",0.77,357.54,1.0,357.54,357.54,2024-11-19 00:00:00 UTC,,
660,VL90HP,Power,LDMtv,"",797,"",0.77,357.54,1.0,357.54,357.54,2024-11-19 00:00:00 UTC,,
661,VL90HP,Power,LDMtv,"",798,"",0.77,357.54,1.0,357.54,357.54,2024-11-19 00:00:00 UTC,,
1214,VL-M150,Power,LDMtv,"",LDM1456,VA5406,0.8,328.0,1.0,328.0,328.0,2024-12-10 00:00:00 UTC,,
666,VL-MX4,Power,LDMtv,"",LDM0780,"",1.86,424.0,1.0,424.0,424.0,2023-11-19 00:00:00 UTC,,
682,V-lok Kit 1,Power,LDMtv,F4,5368975,5368975,3.8,932.0,1.0,932.0,932.0,2020-11-21 00:00:00 UTC,,
653,V-lok Kit 2,Power,LDMtv,F4,5368946,5368946,17.0,452.0,1.0,452.0,452.0,2024-11-19 00:00:00 UTC,,
665,V-lok Kit 3,Power,LDMtv,F4,5368947,5368947,18.75,300.0,1.0,300.0,300.0,2023-11-19 00:00:00 UTC,,
1013,1CH Analog Input Adapter,Sound,LDMtv,D3,LDM1594,DAI1-AU-504792,0.1,168.0,1.0,168.0,0.0,2024-12-02 00:00:00 UTC,,
954,1CH Analog Input Adapter,Sound,LDMtv,D3,LDM1633,DAI1-AU-604731,0.1,168.0,1.0,168.0,0.0,2024-12-02 00:00:00 UTC,,
1344,2CH AES3 I/O Adapter,Sound,LDMtv,D3,LDM1395,DIOAES3-AU-529DC7,0.15,233.0,1.0,233.0,233.0,2024-12-17 00:00:00 UTC,,
799,4104 Lip Mic,Sound,LDMtv,F2,LDM1720,N/A,0.65,475.0,1.0,475.0,475.0,2024-11-29 00:00:00 UTC,,
802,4104 Lip Mic,Sound,LDMtv,F2,LDM1721,N/A,0.65,475.0,1.0,475.0,475.0,2024-11-29 00:00:00 UTC,,
800,4104 Lip Mic,Sound,LDMtv,F2,LDM1724,N/A,0.65,475.0,1.0,475.0,475.0,2024-11-29 00:00:00 UTC,,
801,4104 Lip Mic,Sound,LDMtv,F2,LDM1725,N/A,0.65,475.0,1.0,475.0,475.0,2024-11-29 00:00:00 UTC,,
574,7040A,Sound,LDMtv,"",LDM1786,7040APM71007901,11.3,565.0,1.0,565.0,565.0,2024-09-10 23:00:00 UTC,,
1057,8010A Studio Monitor Speaker,Sound,LDMtv,"",LDM1015,8010AP71041577,1.9,244.0,1.0,244.0,0.0,2024-12-09 00:00:00 UTC,,
1397,8010A Studio Monitor Speaker,Sound,LDMtv,B4,LDM1101,8010AP71041608,1.9,244.0,1.0,244.0,0.0,2024-12-17 00:00:00 UTC,,
1400,8010A Studio Monitor Speaker,Sound,LDMtv,B4,LDM1240,8010AP71127902,1.9,244.0,1.0,244.0,0.0,2024-12-17 00:00:00 UTC,,
1399,8010A Studio Monitor Speaker,Sound,LDMtv,B4,LDM1245,8010AP71127057,1.9,244.0,1.0,244.0,0.0,2024-12-17 00:00:00 UTC,,
1451,8010A Studio Monitor Speaker,Sound,LDMtv,V16,LDM1338,8010AP71078728,1.9,244.0,1.0,244.0,0.0,2020-12-19 00:00:00 UTC,,
1398,8010A Studio Monitor Speaker,Sound,LDMtv,B4,LDM1381,8010AP71078696,1.9,244.0,1.0,244.0,0.0,2024-12-17 00:00:00 UTC,,
1923,8020D Studio Monitor Speaker,Sound,LDMtv,"",LDM1259,8020DMM61205165,3.2,411.0,1.0,411.0,411.0,2026-01-19 00:00:00 UTC,,
1924,8020D Studio Monitor Speaker,Sound,LDMtv,"",LDM1260,8020DMM61205153,3.2,411.0,1.0,411.0,411.0,2026-01-19 00:00:00 UTC,,
1436,8020D Studio Monitor Speaker,Sound,LDMtv,T16 Sound,LDM1348,8020B PM7016927,3.2,411.0,1.0,411.0,411.0,2020-12-17 00:00:00 UTC,,
1423,8020D Studio Monitor Speaker,Sound,LDMtv,T16 Sound,LDM1364,8020A PM7070231,3.2,411.0,1.0,411.0,411.0,2020-12-17 00:00:00 UTC,,
1415,8020D Studio Monitor Speaker,Sound,LDMtv,T16,LDM1368,8020A PM7070230,3.2,411.0,1.0,411.0,411.0,2020-12-17 00:00:00 UTC,,
1416,8020D Studio Monitor Speaker,Sound,LDMtv,T16,LDM1369,8020B PM7020399,3.2,411.0,1.0,411.0,411.0,2020-12-17 00:00:00 UTC,,
1402,8020D Studio Monitor Speaker,Sound,LDMtv,B3,LDM1379,8020DRwM71174202,3.2,411.0,1.0,411.0,411.0,2024-12-17 00:00:00 UTC,,
1401,8020D Studio Monitor Speaker,Sound,LDMtv,B3,LDM1380,8020DRwM71174209,3.2,411.0,1.0,411.0,411.0,2024-12-17 00:00:00 UTC,,
745,A 1031-U,Sound,LDMtv,"",LDM1752,N/A,0.15,169.0,1.0,169.0,0.0,2024-11-28 00:00:00 UTC,,
1170,A 2003 UHF,Sound,LDMtv,"",LDM1476,N/A,0.15,160.0,1.0,160.0,0.0,2024-12-10 00:00:00 UTC,,
1169,A 2003 UHF,Sound,LDMtv,"",LDM1477,N/A,0.15,160.0,1.0,160.0,0.0,2024-12-10 00:00:00 UTC,,
743,A 2003 UHF,Sound,LDMtv,"",LDM1750,N/A,0.15,160.0,1.0,160.0,0.0,2024-11-28 00:00:00 UTC,,
744,A 2003 UHF,Sound,LDMtv,"",LDM1751,N/A,0.15,160.0,1.0,160.0,0.0,2024-11-28 00:00:00 UTC,,
1165,A 2003 UHF,Sound,LDMtv,"",T16-052,N/A,0.15,160.0,1.0,160.0,0.0,2024-12-10 00:00:00 UTC,,
1166,A 2003 UHF,Sound,LDMtv,"",T16-053,N/A,0.15,160.0,1.0,160.0,0.0,2024-12-10 00:00:00 UTC,,
459,A32pro Dante,Sound,LDMtv,V16,LDM1140,868297490,3.5,3559.0,1.0,3559.0,3559.0,2024-03-26 00:00:00 UTC,,
1866,ADP-AES3-AU-2x2,Sound,LDMtv,"",LDM1285,DIOAES3-AU-8FC5C,0.15,235.0,1.0,235.0,0.0,2025-08-12 23:00:00 UTC,,
1865,ADP-AES3-AU-2x2,Sound,LDMtv,"",LDM1299,DIOAES3-AU-8FC55,0.15,235.0,1.0,235.0,0.0,2025-08-12 23:00:00 UTC,,
752,ADP-AES3-AU-2x2,Sound,LDMtv,D3,LDM1746,DIOAES3-AU-53E570,0.15,235.0,1.0,235.0,0.0,2024-11-28 00:00:00 UTC,,
1965,ADP-AES3-AU-2x2,Sound,LDMtv,"",LDM1889,DIOAES3-AU-01FBDF,0.15,235.0,1.0,235.0,0.0,2026-03-06 00:00:00 UTC,,
1966,ADP-AES3-AU-2x2,Sound,LDMtv,"",LDM1890,DIOAES3-AU-01FBE4,0.15,235.0,1.0,235.0,0.0,2026-03-06 00:00:00 UTC,,
739,AIO8R,Sound,LDMtv,"",LDM1758,TL0135896,1.1,1330.0,1.0,1330.0,1330.0,2024-11-28 00:00:00 UTC,,
1200,AMU2-2MD,Sound,LDMtv,"",LDM1443,38722,5.0,3500.0,1.0,3500.0,3500.0,2024-12-10 00:00:00 UTC,,
1002,AN-DV-XLR-SM20,Sound,LDMtv,"",LDM1603,AN1906170010001,0.7,1058.0,1.0,1058.0,0.0,2024-12-02 00:00:00 UTC,,
1001,AN-DV-XLR-SM20,Sound,LDMtv,"",LDM1604,AN1907190010002,0.7,1058.0,1.0,1058.0,0.0,2024-12-02 00:00:00 UTC,,
1065,Antenna Splitter ASA 1,Sound,LDMtv,"",LDM1529,"",1.0,539.0,1.0,539.0,0.0,2024-12-09 00:00:00 UTC,,
261,ASA 214-UHF,Sound,LDMtv,"",LDM1004,P0949690,1.09,520.0,1.0,520.0,520.0,2023-08-24 23:00:00 UTC,,
740,ASA 214-UHF,Sound,LDMtv,"",LDM1753,P0949330,1.09,520.0,1.0,520.0,520.0,2024-11-28 00:00:00 UTC,,
1639,AT8022,Sound,LDMtv,"",LDM1213,2331,2.0,377.0,1.0,377.0,0.0,2025-02-11 00:00:00 UTC,,
1310,ATND971 Unidirectional Condenser,Sound,LDMtv,"",LDM1409,15180074,1.6,569.0,1.0,569.0,569.0,2024-12-16 00:00:00 UTC,,
417,Audio Monitor,Sound,LDMtv,T16,0501,4267047,2.6,950.0,1.0,950.0,950.0,2023-10-16 23:00:00 UTC,,
505,Audio Monitor,Sound,LDMtv,"",LDM1858,8811691,2.6,950.0,1.0,950.0,950.0,2024-06-02 23:00:00 UTC,,
1828,Audio Monitor 12G G3,Sound,LDMtv,A3,LDM1246,13010197,2.7,1122.0,1.0,1122.0,1122.0,2020-05-21 23:00:00 UTC,,
572,Audio Monitor 12G G3,Sound,LDMtv,A3,LDM1790,12723721,2.7,1122.0,1.0,1122.0,1122.0,2024-09-02 23:00:00 UTC,,
1512,Balanced Audio Distributor,Sound,LDMtv,A3,61069,06140068800019,1.5,448.0,1.0,448.0,448.0,2020-01-16 00:00:00 UTC,,
1511,Balanced Audio Distributor,Sound,LDMtv,A3,61070,06140068800008,1.5,448.0,1.0,448.0,448.0,2020-01-16 00:00:00 UTC,,
875,BBC Mic Fluffy,Sound,LDMtv,"","","",0.05,0.0,6.0,0.0,0.0,2024-11-14 00:00:00 UTC,,
953,Beatrice B2,Sound,LDMtv,C3,T16-010,693,0.2,566.0,1.0,566.0,0.0,2024-12-02 00:00:00 UTC,,
1395,Beatrice P1,Sound,LDMtv,I2,LDM1383,3846,0.9,528.0,1.0,528.0,528.0,2024-12-17 00:00:00 UTC,,
1394,Beatrice P1,Sound,LDMtv,I2,LDM1384,3845,0.9,528.0,1.0,528.0,528.0,2024-12-17 00:00:00 UTC,,
1715,Behringer P1,Sound,LDMtv,"",T16-014,S1504366AZM,0.5,36.0,1.0,36.0,0.0,2025-02-24 00:00:00 UTC,,
1968,Behringer P2,Sound,LDMtv,"",LDM1228,S250504674CH4,0.5,27.0,1.0,27.0,0.0,2026-03-06 00:00:00 UTC,,
1982,Behringer P2,Sound,LDMtv,"",LDM1229,S250504672CH4,0.5,27.0,1.0,27.0,0.0,2026-03-06 00:00:00 UTC,,
1869,Behringer P2,Sound,LDMtv,"",LDM1282,S240712710CH4,0.5,27.0,1.0,27.0,0.0,2025-08-12 23:00:00 UTC,,
1868,Behringer P2,Sound,LDMtv,"",LDM1287,S240705518CH4,0.5,27.0,1.0,27.0,0.0,2025-08-12 23:00:00 UTC,,
1710,Behringer P2,Sound,LDMtv,"",LDM1288,S190900838CH4,0.5,27.0,1.0,27.0,0.0,2025-02-24 00:00:00 UTC,,
1711,Behringer P2,Sound,LDMtv,"",LDM1289,N/A,0.5,27.0,1.0,27.0,0.0,2025-02-24 00:00:00 UTC,,
1712,Behringer P2,Sound,LDMtv,"",LDM1290,S190900833CH4,0.5,27.0,1.0,27.0,0.0,2025-02-24 00:00:00 UTC,,
283,Behringer X32-R,Sound,LDMtv,A3,61058,S181200001AWN,6.5,1600.0,1.0,1600.0,1600.0,2023-08-24 23:00:00 UTC,,
558,Bella 22 MKII,Sound,LDMtv,A3,61063,179,1.8,1750.0,1.0,1750.0,1750.0,2024-06-02 23:00:00 UTC,,
557,Bella 22 MKII,Sound,LDMtv,A3,LDM1815,183,1.8,1750.0,1.0,1750.0,1750.0,2024-06-02 23:00:00 UTC,,
1048,Brick Speaker,Sound,LDMtv,C3,LDM0509,901514,2.25,264.0,1.0,264.0,264.0,2024-12-09 00:00:00 UTC,,
1420,Brick Speaker,Sound,LDMtv,T16 Audio,LDM1366,901520,2.25,264.0,1.0,264.0,264.0,2020-12-17 00:00:00 UTC,,
805,Brick Speaker,Sound,LDMtv,"",LDM1717,892900,2.25,264.0,1.0,264.0,264.0,2024-11-29 00:00:00 UTC,,
1446,BRIC-Link II,Sound,LDMtv,D3,LDM1027,BLII9014,1.1,1750.0,1.0,1750.0,1750.0,2020-12-19 00:00:00 UTC,,
314,BRIC-Link II,Sound,LDMtv,D3,LDM1028,BLII9013,1.1,1750.0,1.0,1750.0,1750.0,2023-08-24 23:00:00 UTC,,
1271,BRIC-Link II,Sound,LDMtv,Comm Box,LDM1421,BLII9030,1.1,1750.0,1.0,1750.0,1750.0,2020-12-16 00:00:00 UTC,,
756,BRIC-Link II,Sound,LDMtv,D3,LDM1743,BLII3983,1.1,1750.0,1.0,1750.0,1750.0,2024-11-28 00:00:00 UTC,,
315,BRIC-Link II,Sound,LDMtv,D3,LDM1945,BLII3524,1.1,1750.0,1.0,1750.0,1750.0,2023-08-24 23:00:00 UTC,,
757,BRIC-Link III,Sound,LDMtv,D3,LDM1738,BRIII1552,1.1,1750.0,1.0,1750.0,1750.0,2024-11-28 00:00:00 UTC,,
767,Br.IO,Sound,LDMtv,"",LDM 1737,235136,9.0,7435.0,1.0,7435.0,7435.0,2024-11-29 00:00:00 UTC,,
312,Brio 36,Sound,LDMtv,"",LDM1093,234140,30.0,29362.8,1.0,29362.8,29362.8,2023-08-24 23:00:00 UTC,,
1285,CDF450 Antenna,Sound,LDMtv,H1,5368951,5368951,1.2,150.0,1.0,150.0,150.0,2024-12-16 00:00:00 UTC,,
1209,Clarity M Stereo,Sound,LDMtv,B3,LDM1438,S210700873DC8,2.85,260.0,1.0,260.0,260.0,2024-12-10 00:00:00 UTC,,
1097,CO1U Pro USB Studio Condenser Microphone,Sound,LDMtv,I2,LDM1499,COUR9H0097,0.7,75.0,1.0,75.0,0.0,2024-12-09 00:00:00 UTC,,
1919,Combine6,Sound,LDMtv,"",LDM1255,C62400809,1.6,1333.0,1.0,1333.0,0.0,2026-01-19 00:00:00 UTC,,
1183,Concept 1 (T),Sound,LDMtv,"",LDM1463,811-1003-0035,8.0,60.0,1.0,60.0,60.0,2024-12-10 00:00:00 UTC,,
506,CTP Systems FWD8000,Sound,LDMtv,A3,61068,17951,1.85,1720.0,1.0,1720.0,1720.0,2024-06-02 23:00:00 UTC,,
648,CTP Systems FWD8000,Sound,LDMtv,A3,LDM1783,16956,1.85,1720.0,1.0,1720.0,1720.0,2024-11-18 00:00:00 UTC,,
547,CTP Systems Prehear 2040,Sound,LDMtv,A3,61067,11628,1.5,1260.0,1.0,1260.0,1260.0,2024-06-02 23:00:00 UTC,,
1937,Dante Tight,Sound,LDMtv,"",LDM1271,AU-X21-DAB1312220648,0.07,140.0,1.0,140.0,0.0,2026-02-04 00:00:00 UTC,,
329,DARK8MAI MKII,Sound,LDMtv,"",LDM1716,272,1.2,2000.0,1.0,2000.0,2000.0,2023-08-24 23:00:00 UTC,,
317,dBbox3,Sound,LDMtv,"",LDM1066,20152,0.75,470.0,1.0,470.0,470.0,2023-08-24 23:00:00 UTC,,
1104,DCP 1116,Sound,LDMtv,"",LDM1807,1114008180110,4.3,3620.0,1.0,3620.0,3620.0,2024-12-09 00:00:00 UTC,,
955,DIO09,Sound,LDMtv,C3,LDM1634,TL0110439,0.2,412.0,1.0,412.0,0.0,2024-12-02 00:00:00 UTC,,
281,DIO10,Sound,LDMtv,"",LDM1096,TL0126070,0.5,1240.0,1.0,1240.0,1240.0,2023-08-24 23:00:00 UTC,,
282,DIO10,Sound,LDMtv,"",LDM1097,TL0126071,0.5,1240.0,1.0,1240.0,1240.0,2023-08-24 23:00:00 UTC,,
755,DIO10,Sound,LDMtv,"",LDM1742,TL0117549,0.5,1240.0,1.0,1240.0,1240.0,2024-11-28 00:00:00 UTC,,
450,DIO20,Sound,LDMtv,A3,LDM1132,TL0138732,0.5,1490.0,1.0,1490.0,1490.0,2024-03-26 00:00:00 UTC,,
1880,DIO 2x2,Sound,LDMtv,"",LDM1226,0005099,0.4,550.0,1.0,550.0,550.0,2024-08-17 23:00:00 UTC,,
1130,DIO 2x2,Sound,LDMtv,"",LDM1483,0005096,0.4,550.0,1.0,550.0,550.0,2024-12-10 00:00:00 UTC,,
829,DIO 2x2,Sound,LDMtv,"",LDM1706,0005885,0.4,550.0,1.0,550.0,550.0,2024-11-29 00:00:00 UTC,,
1920,Distro9 HDR,Sound,LDMtv,"",LDM1256,241716,2.95,1759.0,1.0,1759.0,0.0,2026-01-19 00:00:00 UTC,,
1176,Diversity Fin,Sound,LDMtv,"",LDM1466,AD2806,2.0,595.0,1.0,595.0,595.0,2024-12-10 00:00:00 UTC,,
1249,Divine,Sound,LDMtv,Etihad Studio2,LDM1123,00138,1.75,525.0,1.0,525.0,525.0,2020-12-14 00:00:00 UTC,,
1444,Divine,Sound,LDMtv,T16 TSV,LDM1340,00366,1.75,525.0,1.0,525.0,525.0,2020-12-17 00:00:00 UTC,,
1049,Divine,Sound,LDMtv,C3,LDM1546,01010,1.75,525.0,1.0,525.0,525.0,2024-12-09 00:00:00 UTC,,
1393,DKP-4016,Sound,LDMtv,D3,LDM1385,045172137531271008,1.75,3045.0,1.0,3045.0,3045.0,2024-12-17 00:00:00 UTC,,
1222,E523,Sound,LDMtv,"",T16-020,"",1.2,270.0,1.0,270.0,270.0,2024-12-10 00:00:00 UTC,,
1520,ECM8000,Sound,LDMtv,I2,LDM1199,D180906873118,0.55,20.0,1.0,20.0,20.0,2020-01-16 00:00:00 UTC,,
1521,ECM8000,Sound,LDMtv,I2,LDM1200,D180906877118,0.55,20.0,1.0,20.0,20.0,2020-01-16 00:00:00 UTC,,
1355,EK 100 Diversity Receiver,Sound,LDMtv,"",LDM1393,1385304893,0.3,285.0,1.0,285.0,285.0,2024-12-17 00:00:00 UTC,,
1354,EK 100 Diversity Receiver,Sound,LDMtv,"",LDM1394,1206307291,0.3,285.0,1.0,285.0,285.0,2024-12-17 00:00:00 UTC,,
1357,EK 100 G4 Diversity Receiver,Sound,LDMtv,"",LDM1391,1059002357,0.3,285.0,1.0,285.0,285.0,2024-12-17 00:00:00 UTC,,
262,EK IEM G4,Sound,LDMtv,"",LDM1018,1180003550,0.98,429.0,1.0,429.0,429.0,2023-08-24 23:00:00 UTC,,
263,EK IEM G4,Sound,LDMtv,"",LDM1019,1320003661,0.98,429.0,1.0,429.0,429.0,2023-08-24 23:00:00 UTC,,
264,EK IEM G4,Sound,LDMtv,"",LDM1020,1140003541,0.98,429.0,1.0,429.0,429.0,2023-08-24 23:00:00 UTC,,
265,EK IEM G4,Sound,LDMtv,"",LDM1021,1140003531,0.98,429.0,1.0,429.0,429.0,2023-08-24 23:00:00 UTC,,
722,EK IEM G4,Sound,LDMtv,"",LDM1765,5042006090,0.98,429.0,1.0,429.0,429.0,2024-11-28 00:00:00 UTC,,
729,EK IEM G4,Sound,LDMtv,"",LDM1766,5042006040,0.98,429.0,1.0,429.0,429.0,2024-11-28 00:00:00 UTC,,
723,EK IEM G4,Sound,LDMtv,"",LDM1768,5351005244,0.98,429.0,1.0,429.0,429.0,2024-11-28 00:00:00 UTC,,
724,EK IEM G4,Sound,LDMtv,"",LDM1769,5351005242,0.98,429.0,1.0,429.0,429.0,2024-11-28 00:00:00 UTC,,
725,EK IEM G4,Sound,LDMtv,"",LDM1770,5042006097,0.98,429.0,1.0,429.0,429.0,2024-11-28 00:00:00 UTC,,
726,EK IEM G4,Sound,LDMtv,"",LDM1771,5042006098,0.98,429.0,1.0,429.0,429.0,2024-11-28 00:00:00 UTC,,
727,EK IEM G4,Sound,LDMtv,"",LDM1772,1429002558,0.98,429.0,1.0,429.0,429.0,2024-11-28 00:00:00 UTC,,
728,EK IEM G4,Sound,LDMtv,"",LDM1773,1429002557,0.98,429.0,1.0,429.0,429.0,2024-11-28 00:00:00 UTC,,
266,EM 300-500 G4,Sound,LDMtv,"",LDM1036,11300006850,0.98,508.0,1.0,508.0,508.0,2023-08-24 23:00:00 UTC,,
267,EM 300-500 G4,Sound,LDMtv,"",LDM1039,1130006844,0.98,508.0,1.0,508.0,508.0,2023-08-24 23:00:00 UTC,,
268,EM 300-500 G4,Sound,LDMtv,"",LDM1040,1280007039,0.98,508.0,1.0,508.0,508.0,2023-08-24 23:00:00 UTC,,
269,EM 300-500 G4,Sound,LDMtv,"",LDM1041,1130006845,0.98,508.0,1.0,508.0,508.0,2023-08-24 23:00:00 UTC,,
1061,EM 300 G3,Sound,LDMtv,"",LDM1531,1061156178,0.98,588.0,1.0,588.0,588.0,2024-12-09 00:00:00 UTC,,
1062,EM 300 G3,Sound,LDMtv,"",LDM1532,1061156421,0.98,588.0,1.0,588.0,588.0,2024-12-09 00:00:00 UTC,,
1063,EM 300 G3,Sound,LDMtv,"",LDM1533,1061156179,0.98,588.0,1.0,588.0,588.0,2024-12-09 00:00:00 UTC,,
1060,EM 300 G3,Sound,LDMtv,"",LDM1534,1061156180,0.98,588.0,1.0,588.0,588.0,2024-12-09 00:00:00 UTC,,
836,EM 300 G3,Sound,LDMtv,"",LDM1699,1147386719,0.98,588.0,1.0,588.0,588.0,2024-11-29 00:00:00 UTC,,
837,EM 300 G3,Sound,LDMtv,"",LDM1700,1304381507,0.98,588.0,1.0,588.0,588.0,2024-11-29 00:00:00 UTC,,
834,EM 300 G3,Sound,LDMtv,"",LDM1703,1304381510,0.98,588.0,1.0,588.0,588.0,2024-11-29 00:00:00 UTC,,
835,EM 300 G3,Sound,LDMtv,"",LDM1704,1394381821,0.98,588.0,1.0,588.0,588.0,2024-11-29 00:00:00 UTC,,
878,em9600 Kit,Sound,LDMtv,"",LDM1684,LDM1684,1.0,100.0,1.0,100.0,100.0,2024-12-02 00:00:00 UTC,,
881,em9600 Kit,Sound,LDMtv,"",LDM1687,LDM1687,1.0,100.0,1.0,100.0,100.0,2024-12-02 00:00:00 UTC,,
879,em9600 Kit,Sound,LDMtv,"",LDM1688,LDM1688,1.0,100.0,1.0,100.0,100.0,2024-12-02 00:00:00 UTC,,
880,em9600 Kit,Sound,LDMtv,"",LDM1689,LDM1689,1.0,100.0,1.0,100.0,100.0,2024-12-02 00:00:00 UTC,,
730,EW300 IEM G3,Sound,LDMtv,"",LDM1767,1197275477,0.1,439.0,1.0,439.0,439.0,2024-11-28 00:00:00 UTC,,
561,Express IP Mini,Sound,LDMtv,F2,LDM1190,352,0.8,1450.0,1.0,1450.0,1450.0,2024-06-05 23:00:00 UTC,,
562,Express IP Mini X,Sound,LDMtv,F2,LDM1808,778,1.1,1450.0,1.0,1450.0,1450.0,2024-06-05 23:00:00 UTC,,
1073,FBI-SM 1310-SC,Sound,LDMtv,"",LDM1522,4301040210524,0.4,690.0,1.0,690.0,690.0,2024-12-09 00:00:00 UTC,,
1072,FBI-SM 1310-SC,Sound,LDMtv,"",LDM1523,4301039210177,0.4,690.0,1.0,690.0,690.0,2024-12-09 00:00:00 UTC,,
1071,FBI-SM 1310-SC,Sound,LDMtv,"",LDM1524,4301009141307,0.4,690.0,1.0,690.0,690.0,2024-12-09 00:00:00 UTC,,
1070,FBI-SM 1310-SC,Sound,LDMtv,"",LDM1525,4301009140688,0.4,690.0,1.0,690.0,690.0,2024-12-09 00:00:00 UTC,,
882,Fiber to Dante 2+2,Sound,LDMtv,"",5368995,53689995,3.0,650.0,1.0,650.0,650.0,2024-12-02 00:00:00 UTC,,
76,Gantry FX Mic Kit,Sound,LDMtv,F3,5368906,5368906,8.7,1000.0,1.0,1000.0,800.0,2023-08-24 23:00:00 UTC,,
1921,Genelec 8030C,Sound,LDMtv,"",LDM1257,8030CP61217309,5.0,499.0,1.0,499.0,0.0,2026-01-19 00:00:00 UTC,,
1922,Genelec 8030C,Sound,LDMtv,"",LDM1258,8030CP61217319,5.0,499.0,1.0,499.0,0.0,2026-01-19 00:00:00 UTC,,
414,Glensound GS-MPI005,Sound,LDMtv,A3,61066,299,1.7,1428.0,1.0,1428.0,1428.0,2023-10-16 23:00:00 UTC,,
1106,Glensound R8 mkll,Sound,LDMtv,A3,61065,2032,1.7,1790.0,1.0,1790.0,1790.0,2024-12-09 00:00:00 UTC,,
332,Glensound R8 mkll,Sound,LDMtv,"",LDM0999,SN474916,1.7,1790.0,1.0,1790.0,1790.0,2023-08-24 23:00:00 UTC,,
636,GSP 302,Sound,LDMtv,"",3119,9734261479,0.25,60.0,1.0,60.0,60.0,2024-09-30 23:00:00 UTC,,
637,GSP 302,Sound,LDMtv,"",3120,0834261480,0.25,60.0,1.0,60.0,60.0,2024-09-30 23:00:00 UTC,,
635,GSP 302,Sound,LDMtv,"",3121,1834261481,0.25,60.0,1.0,60.0,60.0,2024-09-30 23:00:00 UTC,,
638,GSP 302,Sound,LDMtv,"",3122,2834261482,0.25,60.0,1.0,60.0,60.0,2024-09-30 23:00:00 UTC,,
1677,HD 25,Sound,LDMtv,"",6036,n/a,0.5,117.99,1.0,117.99,0.0,2025-02-19 00:00:00 UTC,,
1678,HD 25,Sound,LDMtv,"",6037,N/A,0.5,117.99,1.0,117.99,0.0,2025-02-19 00:00:00 UTC,,
1679,HD 25,Sound,LDMtv,"",6038,N/A,0.5,117.99,1.0,117.99,0.0,2025-02-19 00:00:00 UTC,,
1681,HD 25,Sound,LDMtv,"",6040,N/A,0.5,117.99,1.0,117.99,0.0,2025-02-19 00:00:00 UTC,,
1682,HD 25,Sound,LDMtv,"",6041,N/A,0.5,117.99,1.0,117.99,0.0,2025-02-19 00:00:00 UTC,,
1680,HD 25,Sound,LDMtv,"",6045,N/A,0.5,117.99,1.0,117.99,0.0,2025-02-19 00:00:00 UTC,,
1875,HD 25,Sound,LDMtv,"",6046,na,0.5,117.99,1.0,117.99,0.0,2025-08-15 23:00:00 UTC,,
1358,HD 25 Light,Sound,LDMtv,"",6047,na,0.12,80.0,1.0,80.0,80.0,2024-12-17 00:00:00 UTC,,
421,HD 25 Light,Sound,LDMtv,F2,LDM1870,5453042837,0.12,80.0,1.0,80.0,80.0,2023-11-24 00:00:00 UTC,,
422,HD 25 Light,Sound,LDMtv,F2,LDM1875,5453042835,0.12,80.0,1.0,80.0,80.0,2023-11-24 00:00:00 UTC,,
1177,IPx2,Sound,LDMtv,"",LDM1999,4406045140286,1.0,1560.0,1.0,1560.0,1560.0,2024-12-10 00:00:00 UTC,,
483,KP4016,Sound,LDMtv,A3,LDM1165,045895837816281008,1.9,3306.0,1.0,3306.0,2755.0,2024-04-30 23:00:00 UTC,,
491,KP4016,Sound,LDMtv,V16 Front 2,LDM1170,045895837830281003,1.9,3306.0,1.0,3306.0,2755.0,2024-04-30 23:00:00 UTC,,
492,KP4016,Sound,LDMtv,V16 Front 1,LDM1171,045895837816281011,1.9,3306.0,1.0,3306.0,2755.0,2024-04-30 23:00:00 UTC,,
434,KP4016,Sound,LDMtv,T16 Front 2,LDM1867,045895837816281010,1.9,3306.0,1.0,3306.0,2755.0,2024-02-21 00:00:00 UTC,,
435,KP4016,Sound,LDMtv,A3,LDM1868,045895837827281001,1.9,3306.0,1.0,3306.0,2755.0,2024-02-21 00:00:00 UTC,,
436,KP4016,Sound,LDMtv,T16 Sound,LDM1869,045895837816281003,1.9,3306.0,1.0,3306.0,2755.0,2024-02-21 00:00:00 UTC,,
432,KP4016,Sound,LDMtv,T16 Front 3,LDM1871,045895837816281030,1.9,3306.0,1.0,3306.0,2755.0,2024-02-21 00:00:00 UTC,,
433,KP4016,Sound,LDMtv,T16 Front 1,LDM1872,045895837830281005,1.9,3306.0,1.0,3306.0,2755.0,2024-02-21 00:00:00 UTC,,
484,KP5032,Sound,LDMtv,A3,LDM1164,045895837816283013,2.25,3766.0,1.0,3766.0,3766.0,2024-04-30 23:00:00 UTC,,
758,M32C,Sound,LDMtv,A3,61061,S191100248BM8,3.5,1397.0,1.0,1397.0,1397.0,2024-11-28 00:00:00 UTC,,
535,M32C,Sound,LDMtv,A3,61062,S221001032BM8,3.5,1397.0,1.0,1397.0,1397.0,2024-06-02 23:00:00 UTC,,
1718,M58n,Sound,LDMtv,"",LDM1293,43115,0.2,324.0,1.0,324.0,0.0,2025-02-24 00:00:00 UTC,,
858,MD46,Sound,LDMtv,"",5369048,"",0.36,199.0,1.0,199.0,199.0,2024-11-30 00:00:00 UTC,,
857,MD46,Sound,LDMtv,"",5369049,"",0.36,199.0,1.0,199.0,199.0,2024-11-30 00:00:00 UTC,,
1871,MD46,Sound,LDMtv,"",5369069,NSA,0.36,199.0,1.0,199.0,199.0,2025-08-12 23:00:00 UTC,,
1870,MD46,Sound,LDMtv,"",5369070,NSA,0.36,199.0,1.0,199.0,199.0,2025-08-12 23:00:00 UTC,,
1967,MD46,Sound,LDMtv,"",5369074,"",0.36,199.0,1.0,199.0,199.0,2026-03-06 00:00:00 UTC,,
1289,ME36 Mic & MZH 3105 Kit,Sound,LDMtv,I2,LDM1419,N/A,0.4,500.0,1.0,500.0,500.0,2024-12-16 00:00:00 UTC,,
1121,MG06 Mixing Console,Sound,LDMtv,I2,LDM1486,BGBK01104,0.9,117.0,1.0,117.0,0.0,2024-12-09 00:00:00 UTC,,
542,MG12 Mixing Console,Sound,LDMtv,F2,LDM1822,EGBP01014,4.8,318.0,1.0,318.0,318.0,2024-06-02 23:00:00 UTC,,
1218,MKH 416 P48,Sound,LDMtv,F1,5369034,UK109983,0.85,760.0,1.0,760.0,760.0,2024-12-10 00:00:00 UTC,,
1223,MKH 416 P48,Sound,LDMtv,F1,LDM1432,"",0.85,760.0,1.0,760.0,760.0,2024-12-10 00:00:00 UTC,,
1219,MKH 416 P48,Sound,LDMtv,F1,LDM1434,"",0.85,760.0,1.0,760.0,760.0,2024-12-10 00:00:00 UTC,,
1212,MKH 416 P48,Sound,LDMtv,F1,LDM1436,268,0.85,760.0,1.0,760.0,760.0,2024-12-10 00:00:00 UTC,,
1217,MKH 416 P48,Sound,LDMtv,F1,T16-022,"",0.85,760.0,1.0,760.0,760.0,2024-12-10 00:00:00 UTC,,
1224,MKH 416 P48,Sound,LDMtv,F1,T16-023,"",0.85,760.0,1.0,760.0,760.0,2024-12-10 00:00:00 UTC,,
1221,MKH 70 P48,Sound,LDMtv,"",5369033,"",0.95,1500.0,1.0,1500.0,1500.0,2024-12-10 00:00:00 UTC,,
769,MKH 8070,Sound,LDMtv,"",5368972,1107002982,1.5,1505.0,1.0,1505.0,1505.0,2024-11-29 00:00:00 UTC,,
487,MPA1-SOLO-SDI,Sound,LDMtv,A3,LDM1166,83001,1.4,1940.0,1.0,1940.0,1940.0,2024-04-30 23:00:00 UTC,,
1735,Multiple Charger,Sound,LDMtv,"",LDM1292,1300,1.0,340.0,1.0,340.0,0.0,2025-02-24 00:00:00 UTC,,
1734,Multiple Charger,Sound,LDMtv,"",LDM1305,1276,1.0,340.0,1.0,340.0,0.0,2025-02-24 00:00:00 UTC,,
1377,MultiTrack Field Recorder F6,Sound,LDMtv,"",LDM1390,C46025158,2.0,489.0,1.0,489.0,489.0,2024-12-17 00:00:00 UTC,,
781,MZD-88,Sound,LDMtv,"",LDM1730,10304120X22NXS00010642,3.6,324.0,1.0,324.0,324.0,2024-11-29 00:00:00 UTC,,
1898,NA-2I2O-DLINE,Sound,LDMtv,"",LDM1230,845974,0.1,250.0,1.0,250.0,250.0,2025-10-31 00:00:00 UTC,,
1867,NA-2I2O-DLINE-PRO,Sound,LDMtv,"",LDM1286,847272,0.1,500.0,1.0,500.0,0.0,2024-08-12 23:00:00 UTC,,
649,NA2-IO-DPRO,Sound,LDMtv,D3,LDM1784,835437,0.55,1000.0,1.0,1000.0,0.0,2023-11-19 00:00:00 UTC,,
1733,Nexedge NX-220,Sound,LDMtv,"",LDM1054,B4502056,0.2,199.95,1.0,199.95,0.0,2025-02-24 00:00:00 UTC,,
1730,Nexedge NX-220,Sound,LDMtv,"",LDM1055,B4600524,0.2,199.95,1.0,199.95,0.0,2025-02-24 00:00:00 UTC,,
1726,Nexedge NX-220,Sound,LDMtv,"",LDM1058,B4601673,0.2,199.95,1.0,199.95,0.0,2025-02-24 00:00:00 UTC,,
1727,Nexedge NX-220,Sound,LDMtv,"",LDM1059,B4502058,0.2,199.95,1.0,199.95,0.0,2025-02-24 00:00:00 UTC,,
1731,Nexedge NX-220,Sound,LDMtv,"",LDM1061,B4502059,0.2,199.95,1.0,199.95,0.0,2025-02-24 00:00:00 UTC,,
1721,Nexedge NX-220,Sound,LDMtv,"",LDM1063,B4600521,0.2,199.95,1.0,199.95,0.0,2025-02-24 00:00:00 UTC,,
1723,Nexedge NX-220,Sound,LDMtv,"",LDM1073,B4601668,0.2,199.95,1.0,199.95,0.0,2025-02-24 00:00:00 UTC,,
1725,Nexedge NX-220,Sound,LDMtv,"",LDM1075,B4600474,0.2,199.95,1.0,199.95,0.0,2025-02-24 00:00:00 UTC,,
1724,Nexedge NX-220,Sound,LDMtv,"",LDM1076,B4601676,0.2,199.95,1.0,199.95,0.0,2025-02-24 00:00:00 UTC,,
1732,Nexedge NX-220,Sound,LDMtv,"",LDM1080,B4601674,0.2,199.95,1.0,199.95,0.0,2025-02-24 00:00:00 UTC,,
1722,Nexedge NX-220,Sound,LDMtv,"",LDM1081,B4502060,0.2,199.95,1.0,199.95,0.0,2025-02-24 00:00:00 UTC,,
1729,Nexedge NX-220,Sound,LDMtv,"",LDM1083,B4600473,0.2,199.95,1.0,199.95,0.0,2025-02-24 00:00:00 UTC,,
1728,Nexedge NX-220,Sound,LDMtv,"",LDM1086,B4600470,0.2,199.95,1.0,199.95,0.0,2025-02-24 00:00:00 UTC,,
816,NTG1,Sound,LDMtv,F2,LDM1712,0107516,0.2,185.0,1.0,185.0,185.0,2024-11-29 00:00:00 UTC,,
1272,NTG2,Sound,LDMtv,"",5369030,0270964,1.3,200.0,1.0,200.0,200.0,2024-12-16 00:00:00 UTC,,
1215,NTG3B,Sound,LDMtv,"",LDM1435,0022713,0.16,600.0,1.0,600.0,600.0,2024-12-10 00:00:00 UTC,,
1211,NTG3B,Sound,LDMtv,"",LDM1437,0022720,0.16,600.0,1.0,600.0,600.0,2024-12-10 00:00:00 UTC,,
437,ODIN,Sound,LDMtv,V16,LDM1864,045340637903161007,5.2,28000.0,1.0,28000.0,8182.0,2024-02-21 00:00:00 UTC,,
490,OMS,Sound,LDMtv,A3,61073,045499937506101001,2.35,3131.0,1.0,3131.0,2442.0,2024-04-30 23:00:00 UTC,,
1912,Optix 1 S3,Sound,LDMtv,"",LDM1234,8767090037,0.22,2299.0,1.0,2299.0,0.0,2026-01-19 00:00:00 UTC,,
1915,Optix 1 S3,Sound,LDMtv,"",LDM1239,8767090007,0.22,2299.0,1.0,2299.0,0.0,2026-01-19 00:00:00 UTC,,
1916,Optix 1 S3,Sound,LDMtv,"",LDM1252,8767090034,0.22,2299.0,1.0,2299.0,0.0,2026-01-19 00:00:00 UTC,,
1913,Optix S3,Sound,LDMtv,"",LDM1235,8767060039,0.22,3299.0,1.0,3299.0,0.0,2026-01-19 00:00:00 UTC,,
1914,Optix S3,Sound,LDMtv,"",LDM1236,8767060031,0.22,3299.0,1.0,3299.0,0.0,2026-01-19 00:00:00 UTC,,
1917,Optix S3,Sound,LDMtv,"",LDM1253,8767060040,0.22,3299.0,1.0,3299.0,0.0,2026-01-19 00:00:00 UTC,,
1128,Opto Switcher,Sound,LDMtv,"",LDM1484,43621,0.4,197.0,1.0,197.0,197.0,2024-12-10 00:00:00 UTC,,
814,Pitch Mic Peli Case,Sound,LDMtv,F3,5368882,5368882,5.0,2350.0,1.0,2350.0,2350.0,2024-11-29 00:00:00 UTC,,
537,PM302,Sound,LDMtv,A3,LDM1830,13065,1.5,585.0,1.0,585.0,585.0,2024-06-02 23:00:00 UTC,,
559,PMSDI-08,Sound,LDMtv,A3,LDM1811,20535,1.9,1460.0,1.0,1460.0,1460.0,2024-06-02 23:00:00 UTC,,
560,PMSDI-08,Sound,LDMtv,"",LDM1812,21160,1.9,1460.0,1.0,1460.0,1460.0,2024-06-02 23:00:00 UTC,,
1471,QL1,Sound,LDMtv,"",LDM1325,EAZH01059,14.7,10430.0,1.0,10430.0,10430.0,2024-12-19 00:00:00 UTC,,
330,R4,Sound,LDMtv,"",LDM1033,770,1.5,1190.0,1.0,1190.0,1190.0,2023-08-24 23:00:00 UTC,,
331,R4,Sound,LDMtv,"",LDM1034,772,1.5,1190.0,1.0,1190.0,1190.0,2023-08-24 23:00:00 UTC,,
409,R4,Sound,LDMtv,"",LDM1117,2841,1.5,1190.0,1.0,1190.0,1190.0,2023-10-16 23:00:00 UTC,,
279,Radio Mic Antenna Kit A,Sound,LDMtv,F3,5368801,5368801,5.95,215.0,1.0,215.0,215.0,2023-08-24 23:00:00 UTC,,
1174,Radio Mic Antenna Kit B,Sound,LDMtv,F3,5368903,5368903,5.0,215.0,1.0,215.0,215.0,2024-12-10 00:00:00 UTC,,
1171,Radio Mic Antenna Kit C,Sound,LDMtv,F3,5368822,5368822,3.65,215.0,1.0,215.0,215.0,2024-12-10 00:00:00 UTC,,
280,Radio Mic & IEM Kit A,Sound,LDMtv,F3,5368800,5368800,4.9,215.0,1.0,215.0,215.0,2023-08-24 23:00:00 UTC,,
771,Radio Mic & IEM Kit B,Sound,LDMtv,F3,5368819,5368819,5.05,135.0,1.0,135.0,135.0,2024-11-29 00:00:00 UTC,,
1396,RCP 1112,Sound,LDMtv,"",LDM1382,1107024140855,4.0,3060.0,1.0,3060.0,3060.0,2024-12-17 00:00:00 UTC,,
1074,RCP 1112,Sound,LDMtv,"",LDM1521,1107039200445,4.0,3060.0,1.0,3060.0,3060.0,2024-12-09 00:00:00 UTC,,
1069,RCP 1112,Sound,LDMtv,"",LDM1526,1107024140787,4.0,3060.0,1.0,3060.0,3060.0,2024-12-09 00:00:00 UTC,,
1103,RCP 1112,Sound,LDMtv,"",LDM1996,110724140879,4.0,3060.0,1.0,3060.0,3060.0,2024-12-09 00:00:00 UTC,,
1068,RCP 1112,Sound,LDMtv,"",LDM1997,1107024140510,4.0,3060.0,1.0,3060.0,3060.0,2024-12-09 00:00:00 UTC,,
862,RE50,Sound,LDMtv,"",5368937,"",0.6,239.0,1.0,239.0,239.0,2024-11-30 00:00:00 UTC,,
859,RE50,Sound,LDMtv,"",5369003,"",0.6,239.0,1.0,239.0,239.0,2024-11-30 00:00:00 UTC,,
861,RE50,Sound,LDMtv,"",5369012,"",0.6,239.0,1.0,239.0,239.0,2024-11-30 00:00:00 UTC,,
860,RE50,Sound,LDMtv,"",5369014,"",0.6,239.0,1.0,239.0,239.0,2024-11-30 00:00:00 UTC,,
446,Redbox RB-DA6,Sound,LDMtv,V16,LDM1129,070716,1.25,415.0,1.0,415.0,415.0,2024-03-26 00:00:00 UTC,,
447,Redbox RB-DA6,Sound,LDMtv,"",LDM1130,072366,1.25,415.0,1.0,415.0,415.0,2024-03-26 00:00:00 UTC,,
448,Redbox RB-DA6,Sound,LDMtv,V16,LDM1131,072367,1.25,415.0,1.0,415.0,415.0,2024-03-26 00:00:00 UTC,,
776,Redbox RB-DA6,Sound,LDMtv,"",LDM1729,062218,1.25,415.0,1.0,415.0,415.0,2024-11-29 00:00:00 UTC,,
526,Redbox RB-DA6,Sound,LDMtv,"",LDM1837,072370,1.25,415.0,1.0,415.0,415.0,2024-06-02 23:00:00 UTC,,
527,Redbox RB-DA6,Sound,LDMtv,A3,LDM1838,070719,1.25,415.0,1.0,415.0,415.0,2024-06-02 23:00:00 UTC,,
525,Redbox RB-DA6,Sound,LDMtv,"",LDM1842,070756,1.25,415.0,1.0,415.0,415.0,2024-06-02 23:00:00 UTC,,
1328,Remote Commentary Kit Case,Sound,LDMtv,F3,5368868,5368868,7.0,750.0,1.0,750.0,750.0,2024-12-16 00:00:00 UTC,,
1190,RF Mic Kit,Sound,LDMtv,"",LDM1462,R15477799,2.6,150.0,1.0,150.0,150.0,2024-12-10 00:00:00 UTC,,
1918,RF Venue,Sound,LDMtv,"",LDM1254,CS2502262,0.9,322.0,1.0,322.0,0.0,2026-01-19 00:00:00 UTC,,
768,RIO 1608-D,Sound,LDMtv,A3,61059,BASP01028,8.7,5970.0,1.0,5970.0,5970.0,2024-11-29 00:00:00 UTC,,
712,Rio 1608-D2,Sound,LDMtv,Man City - CAR,LDM1774,EEYL01098,8.8,5970.0,1.0,5970.0,0.0,2024-11-25 00:00:00 UTC,,
1326,Rode Mic Kit,Sound,LDMtv,B2,LDM1404,"",1.0,200.0,1.0,200.0,200.0,2024-12-16 00:00:00 UTC,,
367,RTB6211D,Sound,LDMtv,A3,61075,A10056,6.25,2340.0,1.0,2340.0,2340.0,2023-08-24 23:00:00 UTC,,
832,RTB6211D,Sound,LDMtv,"",LDM1702,140802,6.25,2340.0,1.0,2340.0,2340.0,2024-11-29 00:00:00 UTC,,
828,RTB6211D,Sound,LDMtv,"",LDM1705,140803,6.25,2340.0,1.0,2340.0,2340.0,2024-11-29 00:00:00 UTC,,
831,RTB6211D,Sound,LDMtv,"",LDM1707,140801,6.25,2340.0,1.0,2340.0,2340.0,2024-11-29 00:00:00 UTC,,
1988,RTS PH-1PT HEADSET,Sound,LDMtv,"",3170,na,0.35,225.0,1.0,225.0,0.0,2026-03-07 00:00:00 UTC,,
1005,Scarlett Solo,Sound,LDMtv,B2,61057,Y7B02W1170C46B,0.3,120.0,1.0,120.0,0.0,2024-12-02 00:00:00 UTC,,
1356,SK 100 G4 Bodypack Transmitter,Sound,LDMtv,"",LDM1392,1059004325,0.3,245.0,1.0,245.0,245.0,2024-12-17 00:00:00 UTC,,
1350,SK 300 G3 Bodypack Transmitter,Sound,LDMtv,"",LDM1043,1271188626,0.16,335.0,1.0,335.0,335.0,2024-12-17 00:00:00 UTC,,
1352,SK 300 G3 Bodypack Transmitter,Sound,LDMtv,"",LDM1044,1281189649,0.16,335.0,1.0,335.0,335.0,2024-12-17 00:00:00 UTC,,
1353,SK 300 G3 Bodypack Transmitter,Sound,LDMtv,"",LDM1045,1271188655,0.16,335.0,1.0,335.0,335.0,2024-12-17 00:00:00 UTC,,
1348,SK 300 G3 Bodypack Transmitter,Sound,LDMtv,"",LDM1046,1271188655,0.16,335.0,1.0,335.0,335.0,2024-12-17 00:00:00 UTC,,
1349,SK 300 G3 Bodypack Transmitter,Sound,LDMtv,"",LDM1047,1281189649,0.16,335.0,1.0,335.0,335.0,2024-12-17 00:00:00 UTC,,
737,SKM 100 G3,Sound,LDMtv,"",LDM1756,1285310295,0.45,242.0,1.0,242.0,242.0,2024-11-28 00:00:00 UTC,,
738,SKM 100 G4,Sound,LDMtv,"",LDM1757,1498000273,0.45,242.0,1.0,242.0,242.0,2024-11-28 00:00:00 UTC,,
1269,SKM 300 G3,Sound,LDMtv,"",LDM1425,1071142285,0.45,242.0,1.0,242.0,242.0,2024-12-16 00:00:00 UTC,,
734,SKM 300 G3,Sound,LDMtv,"",LDM1759,1101146604,0.45,242.0,1.0,242.0,242.0,2024-11-28 00:00:00 UTC,,
735,SKM 300 G3,Sound,LDMtv,"",LDM1760,1061141976,0.45,242.0,1.0,242.0,242.0,2024-11-28 00:00:00 UTC,,
736,SKM 300 G3,Sound,LDMtv,"",LDM1761,1061142004,0.45,242.0,1.0,242.0,242.0,2024-11-28 00:00:00 UTC,,
731,SKM 300 G3,Sound,LDMtv,"",LDM1762,1071142340,0.45,242.0,1.0,242.0,242.0,2024-11-28 00:00:00 UTC,,
732,SKM 300 G3,Sound,LDMtv,"",LDM1763,1334289657,0.45,242.0,1.0,242.0,242.0,2024-11-28 00:00:00 UTC,,
733,SKM 300 G3,Sound,LDMtv,"",LDM1764,1061141986,0.45,242.0,1.0,242.0,242.0,2024-11-28 00:00:00 UTC,,
274,SKM 300 G4,Sound,LDMtv,"",LDM0736,11000207,0.45,410.0,1.0,410.0,410.0,2023-08-24 23:00:00 UTC,,
275,SKM 300 G4,Sound,LDMtv,"",LDM0737,1110002072,0.45,410.0,1.0,410.0,410.0,2023-08-24 23:00:00 UTC,,
276,SKM 300 G4,Sound,LDMtv,"",LDM0738,1110002084,0.45,410.0,1.0,410.0,410.0,2023-08-24 23:00:00 UTC,,
277,SKM 300 G4,Sound,LDMtv,"",LDM0739,1170002148,0.45,410.0,1.0,410.0,410.0,2023-08-24 23:00:00 UTC,,
1012,SM58,Sound,LDMtv,"",LDM1595,"",1.0,105.0,1.0,105.0,0.0,2024-12-02 00:00:00 UTC,,
1011,SM58,Sound,LDMtv,"",LDM1596,N/A,1.0,105.0,1.0,105.0,0.0,2024-12-02 00:00:00 UTC,,
1175,SNA-600,Sound,LDMtv,"",LDM1467,N/A,0.2,198.0,1.0,198.0,198.0,2024-12-10 00:00:00 UTC,,
1167,SNA-600,Sound,LDMtv,"",LDM1478,N/A,0.2,198.0,1.0,198.0,198.0,2024-12-10 00:00:00 UTC,,
1933,Solid state logic madi bridge,Sound,LDMtv,Rack,LDM1269,726920X1,4.0,3500.0,1.0,3500.0,0.0,2026-02-04 00:00:00 UTC,,
815,Sound Devices 302,Sound,LDMtv,I2,LDM1711,401015121005,0.9,955.0,1.0,955.0,955.0,2024-11-29 00:00:00 UTC,,
1199,Sound Level Meter,Sound,LDMtv,"",LDM1444,201816899,1.0,80.0,1.0,80.0,80.0,2024-12-10 00:00:00 UTC,,
1198,Sound Level Meter,Sound,LDMtv,F,LDM1445,201816936,1.0,80.0,1.0,80.0,80.0,2024-12-10 00:00:00 UTC,,
1642,SQN-5S,Sound,LDMtv,A3,LDM1214,56173,4.0,3000.0,1.0,3000.0,0.0,2025-02-11 00:00:00 UTC,,
838,SR 300 IEM,Sound,LDMtv,"",LDM1701,4050001728,0.98,491.0,1.0,491.0,491.0,2024-11-29 00:00:00 UTC,,
380,SR IEM G4,Sound,LDMtv,"",LDM1037,1130002103,1.1,500.0,1.0,500.0,500.0,2023-08-24 23:00:00 UTC,,
1064,SR IEM G4,Sound,LDMtv,"",LDM1530,5042003402,1.1,500.0,1.0,500.0,500.0,2024-12-09 00:00:00 UTC,,
1983,Sure Fist Mic,Sound,LDMtv,"",LDM1882,"",0.35,20.0,1.0,20.0,0.0,2026-03-06 00:00:00 UTC,,
1941,Sync-it,Sound,LDMtv,"",LDM1272,"",0.25,250.0,1.0,250.0,0.0,2026-02-05 00:00:00 UTC,,
1942,Sync-it,Sound,LDMtv,"",LDM1273,"",0.25,250.0,1.0,250.0,0.0,2026-02-05 00:00:00 UTC,,
1327,T1000 Wireless Talkback Kit,Sound,LDMtv,O3,5368841,5368841,9.5,1578.0,1.0,1578.0,1578.0,2024-12-16 00:00:00 UTC,,
1081,Tactical XP Headset,Sound,LDMtv,F1,LDM1514,0222105395,0.6,407.0,1.0,407.0,407.0,2024-12-09 00:00:00 UTC,,
1080,Tactical XP Headset,Sound,LDMtv,F1,LDM1515,0222105428,0.6,407.0,1.0,407.0,407.0,2024-12-09 00:00:00 UTC,,
1079,Tactical XP Headset,Sound,LDMtv,F1,LDM1516,0222105392,0.6,407.0,1.0,407.0,407.0,2024-12-09 00:00:00 UTC,,
1078,Tactical XP Headset,Sound,LDMtv,F1,LDM1517,0222105389,0.6,407.0,1.0,407.0,407.0,2024-12-09 00:00:00 UTC,,
1077,Tactical XP Headset,Sound,LDMtv,F1,LDM1518,0222105359,0.6,407.0,1.0,407.0,407.0,2024-12-09 00:00:00 UTC,,
1076,Tactical XP Headset,Sound,LDMtv,F1,LDM1519,0222105393,0.6,407.0,1.0,407.0,407.0,2024-12-09 00:00:00 UTC,,
1075,Tactical XP Headset,Sound,LDMtv,F1,LDM1520,0222105424,0.6,407.0,1.0,407.0,407.0,2024-12-09 00:00:00 UTC,,
1827,TB 312 S,Sound,LDMtv,I2,LDM1300,72262YAC00480,1.3,25.0,1.0,25.0,25.0,2020-05-12 23:00:00 UTC,,
1308,TB 312 S,Sound,LDMtv,I2,LDM1410,2172262YAC00481,1.3,25.0,1.0,25.0,25.0,2024-12-16 00:00:00 UTC,,
1287,TB7100,Sound,LDMtv,A3,61074,18124308,6.55,720.0,1.0,720.0,720.0,2024-12-16 00:00:00 UTC,,
1969,TC Electronic Level Pilot X Volume Controller,Sound,LDMtv,"",LDM1885,S181001223C32,0.4,32.0,1.0,32.0,0.0,2026-03-06 00:00:00 UTC,,
318,Testa,Sound,LDMtv,Ric Test Kit,LDM1067,20504,0.0,250.0,1.0,250.0,250.0,2023-08-24 23:00:00 UTC,,
555,TF1 Mixing Console,Sound,LDMtv,"",LDM T16-095,BCYM01007,13.5,2890.0,1.0,2890.0,2890.0,2024-06-02 23:00:00 UTC,,
1054,Tio 1608-D,Sound,LDMtv,"",LDM0512,BEXL01028,4.0,1647.0,1.0,1647.0,1647.0,2024-12-09 00:00:00 UTC,,
824,Tio 1608-D,Sound,LDMtv,"",LDM1708,BEAN01028,4.0,1647.0,1.0,1647.0,1647.0,2024-11-29 00:00:00 UTC,,
411,Tio608-D,Sound,LDMtv,A3,61060,BEXL01031,5.6,1439.0,1.0,1439.0,1439.0,2023-10-16 23:00:00 UTC,,
1284,UHF/2-400 Antenna,Sound,LDMtv,H1,5368954,5368954,1.2,150.0,1.0,150.0,150.0,2024-12-16 00:00:00 UTC,,
415,Ultramatch Pro SRC2496,Sound,LDMtv,A3,61072,S1101865141,1.9,299.0,1.0,299.0,299.0,2023-10-16 23:00:00 UTC,,
1118,Ultrazone ZMX8210,Sound,LDMtv,A3,61071,S211100090CCY,1.8,133.0,1.0,133.0,0.0,2024-12-09 00:00:00 UTC,,
1510,Ultrazone ZMX8210,Sound,LDMtv,A3,Unopened,S211100089CCY,1.8,133.0,1.0,133.0,0.0,2020-01-16 00:00:00 UTC,,
507,UND32,Sound,LDMtv,A3,LDM1860,13120046,2.25,1570.0,1.0,1570.0,1570.0,2024-06-02 23:00:00 UTC,,
884,U-Phoria UMC202HD,Sound,LDMtv,"",LDM1685,N/A,0.5,79.0,1.0,79.0,0.0,2024-12-02 00:00:00 UTC,,
1487,URX-S03D Diversity Tuner,Sound,LDMtv,Etihad RF Cams,LDM1311,N/A,0.0,1506.0,1.0,1506.0,1506.0,2020-12-26 00:00:00 UTC,,
1486,URX-S03D Diversity Tuner,Sound,LDMtv,Etihad RF Cams,LDM1892,N/A,0.0,1506.0,1.0,1506.0,1506.0,2020-12-26 00:00:00 UTC,,
379,US 4x4,Sound,LDMtv,I2,LDM1029,1870727,1.4,175.0,1.0,175.0,175.0,2023-08-24 23:00:00 UTC,,
1488,UTX-MO3 Handheld Mic,Sound,LDMtv,Etihad RF Cams,LDM1312,404816,0.26,237.5,1.0,237.5,237.5,2020-12-26 00:00:00 UTC,,
1489,UTX-MO3 Handheld Mic,Sound,LDMtv,Etihad RF Cams,LDM1313,404819,0.26,237.5,1.0,237.5,237.5,2020-12-26 00:00:00 UTC,,
573,Vittoria,Sound,LDMtv,A3,61064,227,2.2,2440.0,1.0,2440.0,2440.0,2024-09-02 23:00:00 UTC,,
641,X AIR XR12,Sound,LDMtv,A3,LDM1787,S191200650B16,2.55,309.0,1.0,309.0,309.0,2024-10-31 00:00:00 UTC,,
1674,XLR-Patch 8 Port CAT5/XLR,Sound,LDMtv,"",LDM1221,4500010200576,1.3,300.0,1.0,300.0,0.0,2025-02-19 00:00:00 UTC,,
1838,XLR SIP Codec ‘Zero’,Sound,LDMtv,"",LDM1301,"",0.75,349.0,1.0,349.0,0.0,2020-06-24 23:00:00 UTC,,
336,XLR Touch,Sound,LDMtv,"",LDM1961,"",0.85,400.0,1.0,400.0,400.0,2023-08-24 23:00:00 UTC,,
337,XLR Touch,Sound,LDMtv,"",LDM1962,"",0.85,400.0,1.0,400.0,400.0,2023-08-24 23:00:00 UTC,,
1067,X-Touch,Sound,LDMtv,F2,LDM1527,S200200315B1X,4.2,299.0,1.0,299.0,0.0,2024-12-09 00:00:00 UTC,,
1122,1664FC Tester,Test,LDMtv,"",LDM1571,5821020,3.45,1500.0,1.0,1500.0,1500.0,2024-12-10 00:00:00 UTC,,
1123,SX Tester,Test,LDMtv,"",LDM1572,008871,1.0,4200.0,1.0,4200.0,4200.0,2024-12-10 00:00:00 UTC,,
852,Production Vehicle,Vehicle,LDMtv,"",C1 LDM,C1 LDM,2500.0,65000.0,1.0,65000.0,65000.0,2024-11-30 00:00:00 UTC,,
675,Scanner,Vehicle,LDMtv,"",T16 LDM,T16 LDM,0.0,100000.0,1.0,100000.0,100000.0,2020-11-20 00:00:00 UTC,,
851,Tender,Vehicle,LDMtv,"",T16 TSV,T16 TSV,0.0,85000.0,1.0,85000.0,85000.0,2020-11-30 00:00:00 UTC,,
1948,V16 LDM,Vehicle,LDMtv,"",NEW V16 LDM,NEW V16 LDM,3500.0,0.0,1.0,0.0,0.0,2026-02-11 00:00:00 UTC,,
1102,12G-AMA,Vision,LDMtv,C3,LDM1496,K0629490,0.3,1281.0,1.0,1281.0,0.0,2024-12-09 00:00:00 UTC,,
951,12G-AMA,Vision,LDMtv,C3,LDM1917,K0629455,0.3,1281.0,1.0,1281.0,0.0,2024-12-02 00:00:00 UTC,,
887,12G-Cross,Vision,LDMtv,B2,61056,KPA10810,0.3,594.0,1.0,594.0,0.0,2024-12-02 00:00:00 UTC,,
708,16x16 RF Router XRF1,Vision,LDMtv,"",LDM1777,1521700002,4.35,1500.0,1.0,1500.0,1500.0,2024-11-25 00:00:00 UTC,,
1491,180 Degree Directional Antenna,Vision,LDMtv,"",LDM1314,N/A,0.1,500.0,1.0,500.0,500.0,2024-12-26 00:00:00 UTC,,
252,22MK400H,Vision,LDMtv,A1,LDM1084,108NTQDCM724,2.7,90.0,1.0,90.0,90.0,2023-08-24 23:00:00 UTC,,
253,22MK400H,Vision,LDMtv,A1,LDM1087,108NTXRCN026,2.7,90.0,1.0,90.0,90.0,2023-08-24 23:00:00 UTC,,
254,22MK400H,Vision,LDMtv,A1,LDM1088,108NTMXCN427,2.7,90.0,1.0,90.0,90.0,2023-08-24 23:00:00 UTC,,
255,22MK400H,Vision,LDMtv,"",LDM1089,108NTNHCN191,2.7,90.0,1.0,90.0,90.0,2023-08-24 23:00:00 UTC,,
256,22MK400H,Vision,LDMtv,A1,LDM1090,108NTLECM776,2.7,90.0,1.0,90.0,90.0,2023-08-24 23:00:00 UTC,,
257,22MK400H,Vision,LDMtv,A1,LDM1091,108NTUWCN814,2.7,90.0,1.0,90.0,90.0,2023-08-24 23:00:00 UTC,,
258,22MK400H,Vision,LDMtv,"",LDM1106,110NTSUCC158,2.7,90.0,1.0,90.0,90.0,2023-08-24 23:00:00 UTC,,
259,22MK400H,Vision,LDMtv,A1,LDM1107,110NTTQCC137,2.7,90.0,1.0,90.0,90.0,2023-08-24 23:00:00 UTC,,
1421,22MK400H,Vision,LDMtv,T16,LDM1357,809NTUW9F702,2.7,90.0,1.0,90.0,90.0,2024-12-17 00:00:00 UTC,,
1418,22MK400H,Vision,LDMtv,T16,LDM1359,904NTYTCA418,2.7,90.0,1.0,90.0,90.0,2024-12-17 00:00:00 UTC,,
1425,22MP65HQ-P,Vision,LDMtv,T16 Sound,LDM1361,404NDQA1N348,2.7,80.0,1.0,80.0,80.0,2020-12-17 00:00:00 UTC,,
339,24MB35PMF,Vision,LDMtv,"",LDM1094,405NDEZ66076,5.2,115.0,1.0,115.0,115.0,2023-08-24 23:00:00 UTC,,
340,24UD58-B,Vision,LDMtv,A1,LDM1937,810NTVS2F399,4.8,280.0,1.0,280.0,280.0,2023-08-24 23:00:00 UTC,,
1428,27MP400P,Vision,LDMtv,T16 Sound,LDM1354,308MAZVAEM13,0.0,110.0,1.0,110.0,110.0,2020-12-17 00:00:00 UTC,,
1411,32ML600M,Vision,LDMtv,T16,LDM1371,006NTZNED901,5.2,200.0,1.0,200.0,200.0,2024-12-17 00:00:00 UTC,,
1409,32ML600M,Vision,LDMtv,T16,LDM1373,006NTCZED875,5.2,200.0,1.0,200.0,200.0,2024-12-17 00:00:00 UTC,,
1257,32ML600M,Vision,LDMtv,F4,LDM1453,012NTWG1J329,5.2,200.0,1.0,200.0,200.0,2024-12-16 00:00:00 UTC,,
844,32ML600M,Vision,LDMtv,V16,LDM1693,012NTJJ1J332,5.2,200.0,1.0,200.0,200.0,2024-11-29 00:00:00 UTC,,
845,32ML600M,Vision,LDMtv,"",LDM1694,012NTXA1J330,5.2,200.0,1.0,200.0,200.0,2024-11-29 00:00:00 UTC,,
1037,3G-AMA,Vision,LDMtv,"",LDM1550,K0462041,0.3,1026.0,1.0,1026.0,0.0,2024-12-09 00:00:00 UTC,,
1138,3G HDMI to SDI Audio Converter,Vision,LDMtv,C2,LDM1481,N/A,0.2,40.0,1.0,40.0,0.0,2024-12-10 00:00:00 UTC,,
944,3G HDMI to SDI Audio Converter,Vision,LDMtv,C2,LDM1637,N/A,0.2,40.0,1.0,40.0,0.0,2024-12-02 00:00:00 UTC,,
943,3G HDMI to SDI Audio Converter,Vision,LDMtv,C2,LDM1638,N/A,0.2,40.0,1.0,40.0,0.0,2024-12-02 00:00:00 UTC,,
942,3G HDMI to SDI Audio Converter,Vision,LDMtv,C2,LDM1639,N/A,0.2,40.0,1.0,40.0,0.0,2024-12-02 00:00:00 UTC,,
941,3G HDMI to SDI Audio Converter,Vision,LDMtv,C2,LDM1640,N/A,0.2,40.0,1.0,40.0,0.0,2024-12-02 00:00:00 UTC,,
1162,3G SDI to HDMI Audio Converter,Vision,LDMtv,"",LDM0499,N/A,0.2,40.0,1.0,40.0,0.0,2024-12-10 00:00:00 UTC,,
1412,3G SDI to HDMI Audio Converter,Vision,LDMtv,Attached to LDM 1371,LDM1370,N/A,0.2,40.0,1.0,40.0,0.0,2024-12-17 00:00:00 UTC,,
1410,3G SDI to HDMI Audio Converter,Vision,LDMtv,Attached to LDM1373,LDM1372,N/A,0.2,40.0,1.0,40.0,0.0,2024-12-17 00:00:00 UTC,,
1137,3G SDI to HDMI Audio Converter,Vision,LDMtv,"",LDM1482,N/A,0.2,40.0,1.0,40.0,0.0,2024-12-10 00:00:00 UTC,,
940,3G SDI to HDMI Audio Converter,Vision,LDMtv,C2,LDM1641,N/A,0.2,40.0,1.0,40.0,0.0,2024-12-02 00:00:00 UTC,,
937,3G SDI to HDMI Audio Converter,Vision,LDMtv,C2,LDM1642,N/A,0.2,40.0,1.0,40.0,0.0,2024-12-02 00:00:00 UTC,,
938,3G SDI to HDMI Audio Converter,Vision,LDMtv,C2,LDM1643,N/A,0.2,40.0,1.0,40.0,0.0,2024-12-02 00:00:00 UTC,,
939,3G SDI to HDMI Audio Converter,Vision,LDMtv,C2,LDM1644,N/A,0.2,40.0,1.0,40.0,0.0,2024-12-02 00:00:00 UTC,,
1264,4010N.057 POE,Vision,LDMtv,"",LDM1427,173820,4.0,700.0,1.0,700.0,700.0,2024-12-16 00:00:00 UTC,,
1263,4010N.057 POE,Vision,LDMtv,"",LDM1452,203452,4.0,700.0,1.0,700.0,700.0,2024-12-16 00:00:00 UTC,,
341,43UK6200PLA,Vision,LDMtv,I4,LDM1936,905MAVD4C687,9.0,280.0,1.0,280.0,280.0,2023-08-24 23:00:00 UTC,,
342,43UK6200PLA,Vision,LDMtv,I4,LDM1941,905MAXS4C682,9.0,280.0,1.0,280.0,280.0,2023-08-24 23:00:00 UTC,,
1404,55UP77006LB,Vision,LDMtv,"",LDM1377,202MAUACJJ38,14.2,430.0,1.0,430.0,430.0,2024-12-17 00:00:00 UTC,,
1405,55UP77006LB,Vision,LDMtv,"",LDM1378,202MATWCJH13,14.2,430.0,1.0,430.0,430.0,2024-12-17 00:00:00 UTC,,
451,5601MSC,Vision,LDMtv,V16,LDM1133N,7618660062,3.55,7150.0,1.0,7150.0,7150.0,2024-03-26 00:00:00 UTC,,
1934,5601MSC,Vision,LDMtv,Rack,LDM1270,713870048,3.55,7150.0,1.0,7150.0,7150.0,2026-02-04 00:00:00 UTC,,
347,A11,Vision,LDMtv,"",3040,A11B558010432,2.55,290.0,1.0,290.0,290.0,2023-08-24 23:00:00 UTC,,
1926,AJA FS4 R0,Vision,LDMtv,A,LDM1262,2FF004255,3.2,6080.0,1.0,6080.0,0.0,2026-01-30 00:00:00 UTC,,
1312,AK-HRP200 RCP,Vision,LDMtv,D2,LDM1408,E4TAA0004,1.3,1845.0,1.0,1845.0,1845.0,2024-12-16 00:00:00 UTC,,
1837,Artist DNxIO,Vision,LDMtv,A2,61002,2703095,4.05,0.0,1.0,0.0,0.0,2020-06-23 23:00:00 UTC,,
772,ATEM 1 M/E Broadcast Panel,Vision,LDMtv,"",LDM1733,3672723,6.0,2500.0,1.0,2500.0,2500.0,2024-11-29 00:00:00 UTC,,
544,ATEM 1 M/E Production Studio 4k,Vision,LDMtv,A2,61003,3640759,2.6,1870.0,1.0,1870.0,1870.0,2024-06-02 23:00:00 UTC,,
545,ATEM 1 M/E Production Studio 4k,Vision,LDMtv,A2,61004,3000942,2.6,1870.0,1.0,1870.0,1870.0,2024-06-02 23:00:00 UTC,,
286,ATEM 2 M/E Advanced Panel,Vision,LDMtv,"",LDM1935,7326630,11.0,5599.0,1.0,5599.0,5599.0,2023-08-24 23:00:00 UTC,,
306,ATEM 2 M/E Broadcast 4K,Vision,LDMtv,A2,61001,3481026,4.8,4779.0,1.0,4779.0,4779.0,2023-08-24 23:00:00 UTC,,
290,ATEM Camera Control Panel,Vision,LDMtv,Man City - S1C,3013,9457251,6.75,2659.0,1.0,2659.0,2659.0,2023-08-24 23:00:00 UTC,,
291,ATEM Camera Control Panel,Vision,LDMtv,"",3048,9702404,6.75,2659.0,1.0,2659.0,2659.0,2023-08-24 23:00:00 UTC,,
1220,ATEM Camera Converter,Vision,LDMtv,"",LDM1433,2998369,0.7,535.0,1.0,535.0,0.0,2024-12-10 00:00:00 UTC,,
1101,ATEM Camera Converter,Vision,LDMtv,"",LDM1497,3820484,0.7,535.0,1.0,535.0,0.0,2024-12-09 00:00:00 UTC,,
1127,ATEM CCU Lite Controller,Vision,LDMtv,"",LDM0538,710962,1.1,1300.0,1.0,1300.0,1300.0,2024-12-10 00:00:00 UTC,,
546,ATEM Production Studio 4k,Vision,LDMtv,A2,LDM1819,1451***,1.65,1495.0,1.0,1495.0,1495.0,2024-06-02 23:00:00 UTC,,
287,ATEM SDI Pro ISO,Vision,LDMtv,"",1894,10549687,0.68,715.0,1.0,715.0,715.0,2023-08-24 23:00:00 UTC,,
888,ATEM Streaming Bridge,Vision,LDMtv,B2,61054,9283817,0.23,235.0,1.0,235.0,235.0,2024-12-02 00:00:00 UTC,,
288,ATEM Streaming Bridge,Vision,LDMtv,C2,LDM1895,10472027,0.23,235.0,1.0,235.0,235.0,2023-08-24 23:00:00 UTC,,
1090,AW-HE120,Vision,LDMtv,N3,LDM1506,D4TBA0053,5.2,1618.0,1.0,1618.0,0.0,2024-12-09 00:00:00 UTC,,
809,AW-HE38HWEJ,Vision,LDMtv,"",LDM1718,G9TQJ0021,1.5,2375.0,1.0,2375.0,2375.0,2024-11-29 00:00:00 UTC,,
1172,Blackmagic Atem Mini Pro,Vision,LDMtv,"",LDM1474,9354201,2.6,265.0,1.0,265.0,265.0,2024-12-10 00:00:00 UTC,,
1931,Blackmagic DVI Extender,Vision,LDMtv,C,LDM1267,4316400,0.27,40.0,1.0,40.0,0.0,2026-01-30 00:00:00 UTC,,
1929,Blackmagic SDI to HDMI 6g,Vision,LDMtv,C,LDM1265,4474305,0.26,177.65,1.0,177.65,0.0,2026-01-30 00:00:00 UTC,,
1930,Blackmagic SDI to HDMI 6g,Vision,LDMtv,C,LDM1266,4472514,0.26,177.65,1.0,177.65,0.0,2026-01-30 00:00:00 UTC,,
1150,Blackmagic Web Presenter HD,Vision,LDMtv,B2,LDM1560,3729063,2.75,434.0,1.0,434.0,434.0,2024-12-10 00:00:00 UTC,,
322,Broadcast Signal Box,Vision,LDMtv,"",LDM1978,2399,0.25,200.0,1.0,200.0,200.0,2023-08-24 23:00:00 UTC,,
360,BT-LH1710E,Vision,LDMtv,E1,LDM0703,A0TWA0662,6.9,600.0,1.0,600.0,600.0,2023-08-24 23:00:00 UTC,,
1093,C2-2255A,Vision,LDMtv,C4,LDM1503,AB63-00973,4.0,1481.0,1.0,1481.0,0.0,2024-12-09 00:00:00 UTC,,
1460,CMN91,Vision,LDMtv,V16,LDM1327,"",2.27,5500.0,1.0,5500.0,5500.0,2020-12-19 00:00:00 UTC,,
289,Constellation 8K,Vision,LDMtv,V16,LDM1095,9252345,8.55,10444.0,1.0,10444.0,10444.0,2023-08-24 23:00:00 UTC,,
481,Constellation 8K,Vision,LDMtv,T16 Rack,LDM1874,"",8.55,10444.0,1.0,10444.0,10444.0,2024-03-28 00:00:00 UTC,,
1946,CTP systems DEMU10m,Vision,LDMtv,"",LDM1277,11626,2.0,170.0,1.0,170.0,0.0,2026-02-09 00:00:00 UTC,,
1329,CWDM & Dante Studio Rack Receive Flight Case,Vision,LDMtv,"",5368914,5368914,10.0,450.0,1.0,450.0,450.0,2024-12-16 00:00:00 UTC,,
1292,DA100D,Vision,LDMtv,"",LDM1415,100D1601025,0.55,95.0,1.0,95.0,95.0,2024-12-16 00:00:00 UTC,,
994,DAC-70 Up/Down Cross Converter,Vision,LDMtv,C2,LDM1800,00428296,0.7,532.0,1.0,532.0,0.0,2024-12-02 00:00:00 UTC,,
1490,DCBGSB-203255 Downconverter,Vision,LDMtv,"",LDM1315,016875,0.2,790.0,1.0,790.0,790.0,2020-12-26 00:00:00 UTC,,
1305,DCBGSB-203255 Downconverter,Vision,LDMtv,"",LDM1411,016880,0.2,790.0,1.0,790.0,790.0,2024-12-16 00:00:00 UTC,,
1094,Decoder DC230,Vision,LDMtv,"",LDM1502,(K21)23010145,1.0,390.0,1.0,390.0,0.0,2024-12-09 00:00:00 UTC,,
788,Densite 3+ FR1,Vision,LDMtv,"",LDM1731,096999-R70351015,3.3,1500.0,1.0,1500.0,1500.0,2024-11-29 00:00:00 UTC,,
453,Densité 3 Frame,Vision,LDMtv,V16,LDM1135,WR103189,4.6,5200.0,1.0,5200.0,5200.0,2024-03-26 00:00:00 UTC,,
359,Densite Mini3,Vision,LDMtv,"",LDM1007,071399-R453,0.0,400.0,1.0,400.0,400.0,2023-08-24 23:00:00 UTC,,
992,Dmon-4S,Vision,LDMtv,C2,LDM1916,MDA01965,0.5,594.0,1.0,594.0,0.0,2024-12-02 00:00:00 UTC,,
848,Dmon-6S,Vision,LDMtv,"",LDM1690,VFB04334,0.0,915.0,1.0,915.0,0.0,2024-11-29 00:00:00 UTC,,
886,Dmon-Quad,Vision,LDMtv,B2,61055,MQD05286,0.2,348.0,1.0,348.0,0.0,2024-12-02 00:00:00 UTC,,
1290,DS-D5022FC,Vision,LDMtv,"",LDM1414,865395695,3.0,135.0,1.0,135.0,135.0,2024-12-16 00:00:00 UTC,,
1391,DT-E21L4,Vision,LDMtv,E1,LDM1387,10940800,7.6,2100.0,1.0,2100.0,2100.0,2024-12-17 00:00:00 UTC,,
1505,DT-R24L41D,Vision,LDMtv,E1,LDM1188,06940723,10.15,600.0,1.0,600.0,600.0,2025-01-16 00:00:00 UTC,,
1392,DT-R24L41D,Vision,LDMtv,E1,LDM1386,06940721,10.15,600.0,1.0,600.0,600.0,2024-12-17 00:00:00 UTC,,
1506,DT-V17G1,Vision,LDMtv,E2,LDM1187,06681086,6.7,1000.0,1.0,1000.0,1000.0,2025-01-16 00:00:00 UTC,,
338,DT-V17L3R,Vision,LDMtv,B1,LDM1002,133E0374,8.8,2170.0,1.0,2170.0,2170.0,2023-08-24 23:00:00 UTC,,
499,DT-V24G1,Vision,LDMtv,B1,LDM1178,16740143,10.25,2339.0,1.0,2339.0,2339.0,2024-04-30 23:00:00 UTC,,
500,DT-V24G1,Vision,LDMtv,T16,LDM1179,08840282,10.25,2339.0,1.0,2339.0,2339.0,2024-04-30 23:00:00 UTC,,
1124,ES-450 Universal Remote,Vision,LDMtv,"",LDM0526,221551,2.5,915.0,1.0,915.0,915.0,2024-12-10 00:00:00 UTC,,
1125,ES-SloMo,Vision,LDMtv,"",LDM1485,223805,2.0,1395.0,1.0,1395.0,1395.0,2024-12-10 00:00:00 UTC,,
960,ETH-GPI Dual,Vision,LDMtv,L3,LDM1627,446015,0.4,656.0,1.0,656.0,0.0,2024-12-02 00:00:00 UTC,,
1131,Evertz 7800FR-QT,Vision,LDMtv,"",LDM1568,7462280068,10.0,2500.0,1.0,2500.0,2500.0,2024-12-10 00:00:00 UTC,,
1134,Evertz 7867vipa8-duo-3g,Vision,LDMtv,"",LDM1564,7243390029,0.5,900.0,1.0,900.0,900.0,2024-12-10 00:00:00 UTC,,
1135,Evertz 7867vipa8-duo-3g,Vision,LDMtv,"",LDM1565,7103090024,0.5,900.0,1.0,900.0,900.0,2024-12-10 00:00:00 UTC,,
1132,Evertz 7867vipa8-duo-3g,Vision,LDMtv,"",LDM1569,751103009,0.5,900.0,1.0,900.0,900.0,2024-12-10 00:00:00 UTC,,
1945,Evertz Quartz CP2272e,Vision,LDMtv,A2,61014,2428840036,0.0,0.0,1.0,0.0,0.0,2026-02-06 00:00:00 UTC,,
1126,Evertz Xenon - xe4-x-fr,Vision,LDMtv,"",LDM1567,4154630002,19.0,10000.0,1.0,10000.0,10000.0,2024-12-10 00:00:00 UTC,,
1927,Extron HDMI DA2,Vision,LDMtv,H,LDM1263,A0YC09H,0.02,149.0,1.0,149.0,0.0,2026-01-30 00:00:00 UTC,,
1928,Extron P/2 DA2xi,Vision,LDMtv,D,LDM1264,A0VUQCU,77.0,106.0,1.0,106.0,0.0,2026-01-30 00:00:00 UTC,,
998,EZ-SP14HS,Vision,LDMtv,"",LDM1592,N/A,0.4,102.0,1.0,102.0,0.0,2024-12-02 00:00:00 UTC,,
997,EZ-SP14HS,Vision,LDMtv,"",LDM1593,N/A,0.4,102.0,1.0,102.0,0.0,2024-12-02 00:00:00 UTC,,
335,F0W81AA,Vision,LDMtv,"",LDM1070,CN44330MCN,6.58,90.0,1.0,90.0,90.0,2023-08-24 23:00:00 UTC,,
1066,FC-331,Vision,LDMtv,D,LDM1528,05161287000133,0.3,682.0,1.0,682.0,0.0,2024-12-09 00:00:00 UTC,,
1041,FiDO-2T,Vision,LDMtv,"",LDM1540,K0375011,0.2,836.0,1.0,836.0,0.0,2024-12-09 00:00:00 UTC,,
1004,FiDO-4T-ST,Vision,LDMtv,C2,61990,K0275062,0.4,1872.0,1.0,1872.0,0.0,2024-12-02 00:00:00 UTC,,
1992,FiDO-4T-ST,Vision,LDMtv,"",809,K0375607,0.4,1872.0,1.0,1872.0,0.0,2024-08-16 23:00:00 UTC,,
1042,FiDO-T,Vision,LDMtv,"",LDM1541,K0222588,0.2,582.0,1.0,582.0,0.0,2024-12-09 00:00:00 UTC,,
1043,FiDO-T,Vision,LDMtv,"",LDM1542,K0222563,0.2,582.0,1.0,582.0,0.0,2024-12-09 00:00:00 UTC,,
1044,FiDO-T,Vision,LDMtv,"",LDM1543,K0401482,0.2,582.0,1.0,582.0,0.0,2024-12-09 00:00:00 UTC,,
1046,FiDO-TR,Vision,LDMtv,C2,LDM1544,K0424206,0.2,836.0,1.0,836.0,0.0,2024-12-09 00:00:00 UTC,,
1047,FiDO-TR,Vision,LDMtv,C2,LDM1545,K0424208,0.2,836.0,1.0,836.0,0.0,2024-12-09 00:00:00 UTC,,
1045,FiDO-T-ST,Vision,LDMtv,C2,LDM0550,K0261113,0.2,582.0,1.0,582.0,0.0,2024-12-09 00:00:00 UTC,,
1100,Flex 4K Out,Vision,LDMtv,"",LDM1498,68:27:19:a1:f0:d3,1.0,370.0,1.0,370.0,0.0,2024-12-09 00:00:00 UTC,,
1204,FR-684 -ANALOG VIDEO,Vision,LDMtv,A2,61024,9712285,6.4,250.0,1.0,250.0,250.0,2024-12-10 00:00:00 UTC,,
1314,FS1,Vision,LDMtv,A2,61019,3F0380,4.0,3600.0,1.0,3600.0,3600.0,2024-12-16 00:00:00 UTC,,
990,GEN10,Vision,LDMtv,C2,LDM1608,K0562197,0.4,456.0,1.0,456.0,0.0,2024-12-02 00:00:00 UTC,,
297,GPI and Tally Interface,Vision,LDMtv,"",LDM1092,3641483,0.12,444.0,1.0,444.0,444.0,2023-08-24 23:00:00 UTC,,
775,GPI and Tally Interface,Vision,LDMtv,"",LDM1734,3266875,0.12,444.0,1.0,444.0,444.0,2024-11-29 00:00:00 UTC,,
1878,GV HDX PLUS,Vision,LDMtv,"",LDM1242,404998r105185001,2.72,3500.0,1.0,3500.0,0.0,2025-08-15 23:00:00 UTC,,
1877,GV SHED-BS,Vision,LDMtv,"",LDM1241,404797R184121,0.4,500.0,1.0,500.0,0.0,2025-08-15 23:00:00 UTC,,
812,HA5-Fiber,Vision,LDMtv,"",LDM1714,K0512023,0.15,1032.0,1.0,1032.0,1032.0,2024-11-29 00:00:00 UTC,,
996,HDA 1x2S4K,Vision,LDMtv,"",LDM0508,0000003100510116000195,0.2,93.0,1.0,93.0,0.0,2024-12-02 00:00:00 UTC,,
995,HDA 1x2S4K,Vision,LDMtv,"",LDM1605,0000003100511617000054,0.2,93.0,1.0,93.0,0.0,2024-12-02 00:00:00 UTC,,
1963,HDCU - 3100,Vision,LDMtv,"",LDM1893,16243,7.3,13000.0,1.0,13000.0,0.0,2026-03-06 00:00:00 UTC,,
1325,HE4000,Vision,LDMtv,"",LDM1403,AVWHE40720005638,4.0,27000.0,1.0,27000.0,27000.0,2024-12-16 00:00:00 UTC,,
991,Hi5-Fiber,Vision,LDMtv,C2,LDM1607,K0513804,0.3,906.0,1.0,906.0,0.0,2024-12-02 00:00:00 UTC,,
1082,HyperDeck Studio 4K Pro,Vision,LDMtv,A2,LDM1109,8850546,2.65,1377.0,1.0,1377.0,0.0,2024-12-09 00:00:00 UTC,,
1288,IPEPS-Plus,Vision,LDMtv,D,LDM1418,2105A0286921,1.7,694.0,1.0,694.0,694.0,2024-12-16 00:00:00 UTC,,
1545,Kaleido MX - 24X2,Vision,LDMtv,"",LDM1209,096999-R70779003,3.0,0.0,1.0,0.0,0.0,2025-02-09 00:00:00 UTC,,
1429,Kumo 3232,Vision,LDMtv,T16 Sound,LDM1355,1RT403322,1.5,3745.0,1.0,3745.0,3745.0,2024-12-17 00:00:00 UTC,,
413,Kumo 6464,Vision,LDMtv,A2,LDM1115,1RT501406,3.2,8495.0,1.0,8495.0,8495.0,2023-10-16 23:00:00 UTC,,
412,Kumo-CP2,Vision,LDMtv,A2,61015,1RT301923,1.0,1041.0,1.0,1041.0,1041.0,2023-10-16 23:00:00 UTC,,
473,LCD G2460PF,Vision,LDMtv,V16,LDM1154,QEFM3HA001409,6.5,240.0,1.0,240.0,240.0,2024-03-26 00:00:00 UTC,,
476,LCD G2460PF,Vision,LDMtv,V16,LDM1157,QEFM3HA001154,6.5,240.0,1.0,240.0,240.0,2024-03-26 00:00:00 UTC,,
478,LCD G2460PF,Vision,LDMtv,V16,LDM1159,QEFM3HA001413,6.5,240.0,1.0,240.0,240.0,2024-03-26 00:00:00 UTC,,
479,LCD G2460PF,Vision,LDMtv,V16,LDM1160,QEFM3HA002921,6.5,240.0,1.0,240.0,240.0,2024-03-26 00:00:00 UTC,,
747,LV 5770A,Vision,LDMtv,"",LDM1748,5227280,5.0,6000.0,1.0,6000.0,6000.0,2024-11-28 00:00:00 UTC,,
1213,LVM-095W-N2,Vision,LDMtv,"",LDM1112,095wn2q0229,4.05,3160.0,1.0,3160.0,3160.0,2024-12-10 00:00:00 UTC,,
754,MD-Cross V2,Vision,LDMtv,"",LDM1741,CPC06785,0.6,474.0,1.0,474.0,0.0,2024-11-28 00:00:00 UTC,,
753,MD-Cross V2,Vision,LDMtv,B2,LDM1899,CPC02296,0.6,474.0,1.0,474.0,0.0,2024-11-28 00:00:00 UTC,,
1017,MD-Cross V2,Vision,LDMtv,B2,LDM1902,CPC02298,0.6,474.0,1.0,474.0,0.0,2024-12-03 00:00:00 UTC,,
2013,Micro Converter BiDirectonal SDI/HDMI,Vision,LDMtv,"",65001,14442647,0.2,49.0,1.0,49.0,98.0,2025-05-28 23:00:00 UTC,,
2014,Micro Converter BiDirectonal SDI/HDMI,Vision,LDMtv,"",65018,14441071,0.2,49.0,1.0,49.0,98.0,2025-05-28 23:00:00 UTC,,
2016,Micro Converter BiDirectonal SDI/HDMI,Vision,LDMtv,"",65034,14442810,0.2,49.0,1.0,49.0,98.0,2025-05-28 23:00:00 UTC,,
2015,Micro Converter BiDirectonal SDI/HDMI,Vision,LDMtv,"",65051,14442799,0.2,49.0,1.0,49.0,98.0,2025-05-28 23:00:00 UTC,,
903,Micro Converter BiDirectonal SDI/HDMI,Vision,LDMtv,C2,LDM1677,5398116,0.2,49.0,1.0,49.0,98.0,2024-12-02 00:00:00 UTC,,
1774,Micro Converter HDMI to SDI (Not 3G),Vision,LDMtv,C2,LDM0472,3045298,0.1,54.0,1.0,54.0,54.0,2020-02-27 00:00:00 UTC,,
1193,Micro Converter HDMI to SDI (Not 3G),Vision,LDMtv,C2,LDM1449,4438551,0.1,54.0,1.0,54.0,54.0,2024-12-10 00:00:00 UTC,,
930,Micro Converter HDMI to SDI (Not 3G),Vision,LDMtv,C2,LDM1652,3724263,0.1,54.0,1.0,54.0,54.0,2024-12-02 00:00:00 UTC,,
308,Micro Converter HDMI to SDI (Not 3G),Vision,LDMtv,C2,LDM1653,3987965,0.1,54.0,1.0,54.0,54.0,2023-08-24 23:00:00 UTC,,
495,Micro Converter SDI to HDMI 3G PSU,Vision,LDMtv,V16 - Attached to LDM1159,LDM1174,8946764,0.15,49.0,1.0,49.0,49.0,2024-04-30 23:00:00 UTC,,
496,Micro Converter SDI to HDMI 3G PSU,Vision,LDMtv,V16 - Attached to LDM1160,LDM1175,8924350,0.15,49.0,1.0,49.0,49.0,2024-04-30 23:00:00 UTC,,
497,Micro Converter SDI to HDMI 3G PSU,Vision,LDMtv,V16 - Attached to LDM1157,LDM1176,8946770,0.15,49.0,1.0,49.0,49.0,2024-04-30 23:00:00 UTC,,
498,Micro Converter SDI to HDMI 3G PSU,Vision,LDMtv,V16 - Attached to LDM1154,LDM1177,8926827,0.15,49.0,1.0,49.0,49.0,2024-04-30 23:00:00 UTC,,
1876,Micro Converter SDI to HDMI 3G PSU,Vision,LDMtv,"",LDM1224,8300294,0.15,49.0,1.0,49.0,49.0,2025-08-15 23:00:00 UTC,,
1419,Micro Converter SDI to HDMI 3G PSU,Vision,LDMtv,T16 - Attached to LDM1359,LDM1358,"",0.15,49.0,1.0,49.0,49.0,2024-12-17 00:00:00 UTC,,
929,Micro Converter SDI to HDMI 3G PSU,Vision,LDMtv,C2,LDM1651,8923976,0.15,49.0,1.0,49.0,49.0,2024-12-02 00:00:00 UTC,,
926,Micro Converter SDI to HDMI 3G PSU,Vision,LDMtv,C2,LDM1654,8850948,0.15,49.0,1.0,49.0,49.0,2024-12-02 00:00:00 UTC,,
927,Micro Converter SDI to HDMI 3G PSU,Vision,LDMtv,C2,LDM1655,9686039,0.15,49.0,1.0,49.0,49.0,2024-12-02 00:00:00 UTC,,
928,Micro Converter SDI to HDMI 3G PSU,Vision,LDMtv,C2,LDM1656,8759986,0.15,49.0,1.0,49.0,49.0,2024-12-02 00:00:00 UTC,,
923,Micro Converter SDI to HDMI 3G PSU,Vision,LDMtv,C2,LDM1657,8924048,0.15,49.0,1.0,49.0,49.0,2024-12-02 00:00:00 UTC,,
924,Micro Converter SDI to HDMI 3G PSU,Vision,LDMtv,C2,LDM1658,Missing,0.15,49.0,1.0,49.0,49.0,2024-12-02 00:00:00 UTC,,
925,Micro Converter SDI to HDMI 3G PSU,Vision,LDMtv,C2,LDM1659,Missing,0.15,49.0,1.0,49.0,49.0,2024-12-02 00:00:00 UTC,,
1408,Micro Converter SDI to HDMI (Not 3G),Vision,LDMtv,Attached to LDM1375,LDM1374,"",0.2,54.0,1.0,54.0,0.0,2024-12-17 00:00:00 UTC,,
1554,Micro Converter SDI to HDMI (Not 3G),Vision,LDMtv,"",LDM1412,N/A,0.2,54.0,1.0,54.0,0.0,2025-02-11 00:00:00 UTC,,
931,Micro Converter SDI to HDMI (Not 3G),Vision,LDMtv,C2,LDM1648,5561395,0.2,54.0,1.0,54.0,0.0,2024-12-02 00:00:00 UTC,,
932,Micro Converter SDI to HDMI (Not 3G),Vision,LDMtv,C2,LDM1649,3076141,0.2,54.0,1.0,54.0,0.0,2024-12-02 00:00:00 UTC,,
933,Micro Converter SDI to HDMI (Not 3G),Vision,LDMtv,C2,LDM1650,3457169,0.2,54.0,1.0,54.0,0.0,2024-12-02 00:00:00 UTC,,
962,Micro Conveter HDMI to SDI 3G,Vision,LDMtv,C2,LDM1629,9474611,0.2,52.0,1.0,52.0,0.0,2024-12-02 00:00:00 UTC,,
915,Mini Converter Analog to SDI,Vision,LDMtv,C2,LDM1666,640359,0.2,193.0,1.0,193.0,0.0,2024-12-02 00:00:00 UTC,,
912,Mini Converter Audio to SDI,Vision,LDMtv,C2,LDM1670,2945421,0.2,206.0,1.0,206.0,0.0,2024-12-02 00:00:00 UTC,,
935,Mini Converter HDMI to SDI (Not 3G),Vision,LDMtv,"",LDM1646,Missing,0.3,54.0,1.0,54.0,0.0,2024-12-02 00:00:00 UTC,,
893,Mini Converter Optical Fiber 12G,Vision,LDMtv,B2,61051,10287209,0.1,195.0,1.0,195.0,195.0,2024-12-02 00:00:00 UTC,,
894,Mini Converter Optical Fiber 12G,Vision,LDMtv,B2,61052,9276321,0.1,195.0,1.0,195.0,195.0,2024-12-02 00:00:00 UTC,,
891,Mini Converter Optical Fiber 12G,Vision,LDMtv,B2,61053,7567364,0.1,195.0,1.0,195.0,195.0,2024-12-02 00:00:00 UTC,,
952,Mini Converter Optical Fiber 12G,Vision,LDMtv,C2,LDM1636,9275331,0.1,195.0,1.0,195.0,195.0,2024-12-02 00:00:00 UTC,,
892,Mini Converter Optical Fiber 12G,Vision,LDMtv,B2,LDM1680,10286990,0.1,195.0,1.0,195.0,195.0,2024-12-02 00:00:00 UTC,,
896,Mini Converter Optical Fiber 12G,Vision,LDMtv,B2,LDM1891,9275344,0.1,195.0,1.0,195.0,195.0,2024-12-02 00:00:00 UTC,,
895,Mini Converter Optical Fiber 12G,Vision,LDMtv,B2,LDM1909,9275383,0.1,195.0,1.0,195.0,195.0,2024-12-02 00:00:00 UTC,,
898,Mini Converter Optical Fiber 12G,Vision,LDMtv,C2,LDM1920,518,0.1,195.0,1.0,195.0,195.0,2024-12-02 00:00:00 UTC,,
293,Mini Converter Optical Fiber 12G,Vision,LDMtv,"",LDM1939,9275370,0.1,195.0,1.0,195.0,195.0,2023-08-24 23:00:00 UTC,,
294,Mini Converter Optical Fiber 12G,Vision,LDMtv,"",LDM1940,9275376,0.1,195.0,1.0,195.0,195.0,2023-08-24 23:00:00 UTC,,
295,Mini Converter Optical Fiber 12G,Vision,LDMtv,C2,LDM1943,9275377,0.1,195.0,1.0,195.0,195.0,2023-08-24 23:00:00 UTC,,
296,Mini Converter Optical Fiber 12G,Vision,LDMtv,C2,LDM1944,9275346,0.1,195.0,1.0,195.0,195.0,2023-08-24 23:00:00 UTC,,
900,Mini Converter Optical Fiber 12G,Vision,LDMtv,C2,LDM1947,9275363,0.1,195.0,1.0,195.0,195.0,2024-12-02 00:00:00 UTC,,
897,Mini Converter Optical Fiber 12G,Vision,LDMtv,C2,LDM1989,4668868,0.1,195.0,1.0,195.0,195.0,2024-12-02 00:00:00 UTC,,
899,Mini Converter Optical Fiber 12G,Vision,LDMtv,C2,LDM1994,7140411,0.1,195.0,1.0,195.0,195.0,2024-12-02 00:00:00 UTC,,
910,Mini Converter Optical Fiber 4k,Vision,LDMtv,C2,LDM1982,2047003,0.3,145.0,1.0,145.0,0.0,2024-12-02 00:00:00 UTC,,
911,Mini Converter Optical Fiber 4k,Vision,LDMtv,C2,LDM1986,2224618,0.3,145.0,1.0,145.0,0.0,2024-12-02 00:00:00 UTC,,
1051,Mini Converter Optical Fiber (Not 12G),Vision,LDMtv,C2,LDM0494,1425657,0.3,145.0,1.0,145.0,0.0,2024-12-09 00:00:00 UTC,,
1260,Mini Converter Optical Fiber (Not 12G),Vision,LDMtv,C2,LDM1455,957169,0.3,145.0,1.0,145.0,0.0,2024-12-16 00:00:00 UTC,,
1179,Mini Converter Optical Fiber (Not 12G),Vision,LDMtv,"",LDM1465,Missing,0.3,145.0,1.0,145.0,0.0,2024-12-10 00:00:00 UTC,,
959,Mini Converter Optical Fiber (Not 12G),Vision,LDMtv,C2,LDM1630,4338291,0.3,145.0,1.0,145.0,0.0,2024-12-02 00:00:00 UTC,,
958,Mini Converter Optical Fiber (Not 12G),Vision,LDMtv,C2,LDM1631,Missing,0.3,145.0,1.0,145.0,0.0,2024-12-02 00:00:00 UTC,,
957,Mini Converter Optical Fiber (Not 12G),Vision,LDMtv,C2,LDM1632,4287552,0.3,145.0,1.0,145.0,0.0,2024-12-02 00:00:00 UTC,,
956,Mini Converter Optical Fiber (Not 12G),Vision,LDMtv,C2,LDM1635,4287528,0.3,145.0,1.0,145.0,0.0,2024-12-02 00:00:00 UTC,,
908,Mini Converter Optical Fiber (Not 12G),Vision,LDMtv,C2,LDM1669,Missing,0.3,145.0,1.0,145.0,0.0,2024-12-02 00:00:00 UTC,,
904,Mini Converter Optical Fiber (Not 12G),Vision,LDMtv,C2,LDM1672,355782,0.3,145.0,1.0,145.0,0.0,2024-12-02 00:00:00 UTC,,
907,Mini Converter Optical Fiber (Not 12G),Vision,LDMtv,C2,LDM1674,3660693,0.3,145.0,1.0,145.0,0.0,2024-12-02 00:00:00 UTC,,
902,Mini Converter Optical Fiber (Not 12G),Vision,LDMtv,C2,LDM1981,3515325,0.3,145.0,1.0,145.0,0.0,2024-12-02 00:00:00 UTC,,
1267,Mini Converter Optical Fiber (Not 12G),Vision,LDMtv,"",LDM1983,956956,0.3,145.0,1.0,145.0,0.0,2024-12-16 00:00:00 UTC,,
1056,Mini Converter SDI Distribution 4k,Vision,LDMtv,"",LDM1539,"",0.3,271.0,1.0,271.0,0.0,2024-12-09 00:00:00 UTC,,
905,Mini Converter SDI Distribution 4k,Vision,LDMtv,C2,LDM1673,Missing,0.3,271.0,1.0,271.0,0.0,2024-12-02 00:00:00 UTC,,
906,Mini Converter SDI Distribution 4k,Vision,LDMtv,C2,LDM1954,4327693,0.3,271.0,1.0,271.0,0.0,2024-12-02 00:00:00 UTC,,
916,Mini Converter SDI to Analog,Vision,LDMtv,C2,LDM1667,421816,0.2,193.0,1.0,193.0,0.0,2024-12-02 00:00:00 UTC,,
914,Mini Converter SDI to Audio,Vision,LDMtv,C2,LDM1671,11080987,0.2,195.0,1.0,195.0,0.0,2024-12-02 00:00:00 UTC,,
1010,Mini Converter SDI to HDMI 6G,Vision,LDMtv,C2,LDM1597,4473888,0.3,180.0,1.0,180.0,0.0,2024-12-02 00:00:00 UTC,,
936,Mini Converter SDI to HDMI 6G,Vision,LDMtv,C2,LDM1647,Missing,0.3,180.0,1.0,180.0,0.0,2024-12-02 00:00:00 UTC,,
934,Mini Converter SDI to HDMI (Not 3G),Vision,LDMtv,C2,LDM1645,Missing,0.3,54.0,1.0,54.0,0.0,2024-12-02 00:00:00 UTC,,
993,Mini Converter - UpDownCross,Vision,LDMtv,C2,LDM1606,1895749,0.3,149.0,1.0,149.0,0.0,2024-12-02 00:00:00 UTC,,
901,Mini Converter - UpDownCross HD,Vision,LDMtv,C2,LDM1676,7660171,0.3,145.0,1.0,145.0,0.0,2024-12-02 00:00:00 UTC,,
1440,M-LYNX 702W,Vision,LDMtv,T16 TSV,LDM1342,702WA61603051,2.65,850.0,1.0,850.0,850.0,2020-12-17 00:00:00 UTC,,
541,Multiview 4,Vision,LDMtv,A2,61010,3166915,0.7,439.0,1.0,439.0,439.0,2024-06-02 23:00:00 UTC,,
366,OBM-U170,Vision,LDMtv,E1,LDM1938,U17K4149,7.25,3745.0,1.0,3745.0,3745.0,2023-08-24 23:00:00 UTC,,
1939,Opengear Converter,Vision,LDMtv,T16 Rack,63035,1245491,0.0,0.0,1.0,0.0,0.0,2026-02-05 00:00:00 UTC,,
1309,Opticalcon NAO4SW-A,Vision,LDMtv,"",5369001,10572010,1.0,382.0,1.0,382.0,382.0,2024-12-16 00:00:00 UTC,,
1311,Opticalcon NAO4SW-A,Vision,LDMtv,"",5369058,"",1.0,382.0,1.0,382.0,382.0,2024-12-16 00:00:00 UTC,,
1140,P2414HB,Vision,LDMtv,"",LDM1480,CN-036WJX-74261-58C-3UAU,6.1,65.0,1.0,65.0,65.0,2024-12-10 00:00:00 UTC,,
319,P2414HB,Vision,LDMtv,"",LDM1998,CN0KKMMW7426161P6P3LA06,6.1,65.0,1.0,65.0,65.0,2023-08-24 23:00:00 UTC,,
1163,P2414HB,Vision,LDMtv,"",T16-041,CN-036WJX-74261-SC7-07CU,6.1,65.0,1.0,65.0,65.0,2024-12-10 00:00:00 UTC,,
320,P2417HB,Vision,LDMtv,A1,LDM1008,CN0CW6Y77426165J0AFUA00,6.75,65.0,1.0,65.0,65.0,2023-08-24 23:00:00 UTC,,
1156,PL2738M,Vision,LDMtv,A1,LDM1479,151471300377,8.6,473.0,1.0,473.0,473.0,2024-12-10 00:00:00 UTC,,
536,PL-PRO DMC E,Vision,LDMtv,N1,LDM1829,FM2811A042173100374,4.6,528.0,1.0,528.0,528.0,2024-06-02 23:00:00 UTC,,
524,PL-PRO DMC E,Vision,LDMtv,N1,LDM1841,FM02811A042173100373,4.6,528.0,1.0,528.0,528.0,2024-06-02 23:00:00 UTC,,
1291,PLT1700,Vision,LDMtv,"",LDM1100,1107340225053,6.0,320.0,1.0,320.0,320.0,2024-12-16 00:00:00 UTC,,
1164,Pres Monitor Kit Bag,Vision,LDMtv,B1,5368988,5368988,0.0,85.0,1.0,85.0,85.0,2024-12-10 00:00:00 UTC,,
1039,Pro Convert SDI to NDI,Vision,LDMtv,D,LDM1548,A406210511077,0.3,432.0,1.0,432.0,0.0,2024-12-09 00:00:00 UTC,,
1038,Pro Convert SDI to NDI,Vision,LDMtv,D,LDM1549,A406210323150,0.3,432.0,1.0,432.0,0.0,2024-12-09 00:00:00 UTC,,
1450,PVM215A,Vision,LDMtv,V16,LDM1104,PVM21SA94833002,2.87,320.0,1.0,320.0,320.0,2020-12-19 00:00:00 UTC,,
474,PVM 2541A,Vision,LDMtv,V16,LDM1155,3000230,10.6,3900.0,1.0,3900.0,3900.0,2024-03-26 00:00:00 UTC,,
475,PVM 2541A,Vision,LDMtv,V16,LDM1156,7001725,10.6,3900.0,1.0,3900.0,3900.0,2024-03-26 00:00:00 UTC,,
1406,QE32Q50AAU,Vision,LDMtv,"",LDM1376,0DWE3SFT300520Z,5.0,250.0,1.0,250.0,250.0,2024-12-17 00:00:00 UTC,,
1024,QuattroPod Lite + RX,Vision,LDMtv,C3,5368897,5368897,0.2,222.0,1.0,222.0,222.0,2024-12-09 00:00:00 UTC,,
1265,Raspberry Pi NTP Server (1U),Vision,LDMtv,"",LDM1426,N/A,5.0,100.0,1.0,100.0,100.0,2024-12-16 00:00:00 UTC,,
1306,RF Antenna,Vision,LDMtv,"",5369056,5369056,0.1,15.0,1.0,15.0,15.0,2024-12-16 00:00:00 UTC,,
1307,RF Antenna,Vision,LDMtv,"",5369057,5369057,0.1,15.0,1.0,15.0,15.0,2024-12-16 00:00:00 UTC,,
989,ROI-HDMI,Vision,LDMtv,C2,LDM1609,K0555847,0.3,1260.0,1.0,1260.0,0.0,2024-12-02 00:00:00 UTC,,
850,RP-F617-SDI,Vision,LDMtv,"",LDM1692,20313130800-5XZ-02,4.5,913.0,1.0,913.0,913.0,2024-11-29 00:00:00 UTC,,
1938,Rugby Rack,Vision,LDMtv,"",5369050,"",0.0,0.0,1.0,0.0,0.0,2026-02-05 00:00:00 UTC,,
1161,SDI Fibre in waterproof case,Vision,LDMtv,B4,5368987,5368987,1.8,200.0,1.0,200.0,200.0,2024-12-10 00:00:00 UTC,,
1168,SDI Fibre in waterproof case,Vision,LDMtv,B4,5368989,5368989,1.8,200.0,1.0,200.0,200.0,2024-12-10 00:00:00 UTC,,
1052,SERV Pro,Vision,LDMtv,"",LDM1537,65402578,0.55,1890.0,1.0,1890.0,0.0,2024-12-09 00:00:00 UTC,,
1053,SERV Pro,Vision,LDMtv,D,LDM1538,65401652,0.55,1890.0,1.0,1890.0,0.0,2024-12-09 00:00:00 UTC,,
405,SmartScope Duo 4K,Vision,LDMtv,T16 Sound,LDM1014,3654479,1.7,869.0,1.0,869.0,869.0,2023-09-08 23:00:00 UTC,,
302,SmartScope Duo 4K,Vision,LDMtv,V16,LDM1098,2985278,1.7,869.0,1.0,869.0,869.0,2023-08-24 23:00:00 UTC,,
303,SmartScope Duo 4K,Vision,LDMtv,V16,LDM1099,3738556,1.7,869.0,1.0,869.0,869.0,2023-08-24 23:00:00 UTC,,
493,SmartScope Duo 4K,Vision,LDMtv,V16,LDM1172,6002905,1.7,869.0,1.0,869.0,869.0,2024-04-30 23:00:00 UTC,,
494,SmartScope Duo 4K,Vision,LDMtv,V16,LDM1173,6003138,1.7,869.0,1.0,869.0,869.0,2024-04-30 23:00:00 UTC,,
1509,SmartScope Duo 4K,Vision,LDMtv,E2,LDM1186,1876607,1.7,869.0,1.0,869.0,869.0,2020-01-16 00:00:00 UTC,,
1508,SmartScope Duo 4K,Vision,LDMtv,E2,LDM1191,1808112,1.7,869.0,1.0,869.0,869.0,2020-01-16 00:00:00 UTC,,
748,SmartScope Duo 4K,Vision,LDMtv,E2,LDM1749,3577613,1.7,869.0,1.0,869.0,869.0,2024-11-28 00:00:00 UTC,,
548,Smart Videohub 16x16,Vision,LDMtv,A2,LDM1069,"",1.5,1351.0,1.0,1351.0,1351.0,2024-06-02 23:00:00 UTC,,
311,Smart video hub 40x40,Vision,LDMtv,"",LDM0492,3086274,4.5,2800.0,1.0,2800.0,2800.0,2023-08-24 23:00:00 UTC,,
759,Smart VideoHub 40x40,Vision,LDMtv,A2,61000,3086274,4.5,3166.0,1.0,3166.0,0.0,2024-11-28 00:00:00 UTC,,
1424,Smartview Duo,Vision,LDMtv,T16 Sound,LDM1365,4289697,1.6,535.0,1.0,535.0,535.0,2020-12-17 00:00:00 UTC,,
1058,Smartview Duo,Vision,LDMtv,"",LDM1536,1903317,1.6,535.0,1.0,535.0,535.0,2024-12-09 00:00:00 UTC,,
543,Smartview Duo,Vision,LDMtv,"",LDM1823,1903339,1.6,535.0,1.0,535.0,535.0,2024-06-02 23:00:00 UTC,,
304,Smartview Duo,Vision,LDMtv,E2,LDM1931,4296360,1.6,535.0,1.0,535.0,535.0,2023-08-24 23:00:00 UTC,,
1259,SmartView HD,Vision,LDMtv,E2,LDM1454,3668522,2.3,959.0,1.0,959.0,959.0,2024-12-16 00:00:00 UTC,,
1092,SmartView HD,Vision,LDMtv,E2,LDM1504,1403183,2.3,959.0,1.0,959.0,959.0,2024-12-09 00:00:00 UTC,,
804,SmartView HD,Vision,LDMtv,"",LDM1722,1403182,2.3,959.0,1.0,959.0,959.0,2024-11-29 00:00:00 UTC,,
1330,Steady Cam Kit,Vision,LDMtv,K4,5368911,5368911,9.07,1963.0,1.0,1963.0,1963.0,2024-12-16 00:00:00 UTC,,
1324,Streamhub Ultra 4K 1U,Vision,LDMtv,"",LDM1402,AVWSH07201U001571,9.0,1000.0,1.0,1000.0,1000.0,2024-12-16 00:00:00 UTC,,
1088,Studio Videohub,Vision,LDMtv,A2,61012,1334371,1.7,1215.0,1.0,1215.0,1215.0,2024-12-09 00:00:00 UTC,,
1087,Studio Videohub,Vision,LDMtv,A2,61013,376461,1.7,1215.0,1.0,1215.0,1215.0,2024-12-09 00:00:00 UTC,,
1515,SW8 HDMI Switcher,Vision,LDMtv,A2,61021,A10JMWK,1.8,125.0,1.0,125.0,125.0,2020-01-16 00:00:00 UTC,,
503,Teranex AV,Vision,LDMtv,A2,61005,3623813,1.7,1216.0,1.0,1216.0,1216.0,2024-06-02 23:00:00 UTC,,
504,Teranex AV,Vision,LDMtv,A2,61006,4292209,1.7,1216.0,1.0,1216.0,1216.0,2024-06-02 23:00:00 UTC,,
488,Teranex AV,Vision,LDMtv,"",LDM1167,6020795,1.7,1216.0,1.0,1216.0,1216.0,2024-04-30 23:00:00 UTC,,
489,Teranex AV,Vision,LDMtv,"",LDM1168,6021774,1.7,1216.0,1.0,1216.0,1216.0,2024-04-30 23:00:00 UTC,,
1443,Teranex AV,Vision,LDMtv,T16 TSV,LDM1319,3781485,1.7,1216.0,1.0,1216.0,1216.0,2020-12-17 00:00:00 UTC,,
1492,Teranex AV,Vision,LDMtv,Man City - CAR (GFX),LDM1932,N/A,1.7,1216.0,1.0,1216.0,1216.0,2025-01-03 00:00:00 UTC,,
704,Teranex Express,Vision,LDMtv,Man City - CAR (CityTV),LDM0490,3059659,2.0,1139.0,1.0,1139.0,1139.0,2024-11-25 00:00:00 UTC,,
540,Teranex Mini Audio to SDI 12G,Vision,LDMtv,A2,61009,3062321,0.65,439.0,1.0,439.0,439.0,2024-06-02 23:00:00 UTC,,
346,TK13,Vision,LDMtv,"",LDM1005,TK13A6708C025,0.0,210.0,1.0,210.0,210.0,2023-08-24 23:00:00 UTC,,
1422,TK13,Vision,LDMtv,T16 Sound,LDM1363,TK13TA40632178,0.0,210.0,1.0,210.0,210.0,2020-12-17 00:00:00 UTC,,
1098,TLC200 Time Lapse Camera,Vision,LDMtv,N3,LDM1933,TBF3800116,0.4,269.0,1.0,269.0,0.0,2024-12-09 00:00:00 UTC,,
1099,TLC200 Time Lapse Camera,Vision,LDMtv,N3,LDM1934,TBF3800108,0.4,269.0,1.0,269.0,0.0,2024-12-09 00:00:00 UTC,,
1105,TLM-170H,Vision,LDMtv,E1,LDM1495,00378480,5.6,2018.0,1.0,2018.0,0.0,2024-12-09 00:00:00 UTC,,
1407,UE22k5000AK,Vision,LDMtv,"",LDM1375,078234FK302220F,3.1,0.0,1.0,0.0,170.0,2024-12-17 00:00:00 UTC,,
1841,UltraStudio Express,Vision,LDMtv,"",LDM1302,1375120,0.4,0.0,1.0,0.0,0.0,2020-06-24 23:00:00 UTC,,
918,UltraStudio Mini Recorder,Vision,LDMtv,C2,LDM1664,3619223,0.2,114.0,1.0,114.0,0.0,2024-12-02 00:00:00 UTC,,
919,UltraStudio Mini Recorder,Vision,LDMtv,C2,LDM1665,5394544,0.2,114.0,1.0,114.0,0.0,2024-12-02 00:00:00 UTC,,
921,UltraStudio Recorder 3g,Vision,LDMtv,C2,LDM1661,11148336,0.2,115.0,1.0,115.0,0.0,2024-12-02 00:00:00 UTC,,
922,UltraStudio Recorder 3g,Vision,LDMtv,C2,LDM1662,11260959,0.2,115.0,1.0,115.0,0.0,2024-12-02 00:00:00 UTC,,
458,Universal Videohub 288,Vision,LDMtv,V16,LDM1139,5974249,23.5,10020.0,1.0,10020.0,10020.0,2024-03-26 00:00:00 UTC,,
696,Universal Videohub 288 Crosspoint card,Vision,LDMtv,"","","",1.0,6951.0,2.0,13902.0,6951.0,2020-11-21 00:00:00 UTC,,
699,Universal Videohub Optical Interface,Vision,LDMtv,"","","",0.3,730.0,7.0,5110.0,730.0,2020-11-21 00:00:00 UTC,,
456,Universal Videohub Power Supply,Vision,LDMtv,A2,61017,5956725,4.5,2232.0,1.0,2232.0,2232.0,2024-03-26 00:00:00 UTC,,
457,Universal Videohub Power Supply,Vision,LDMtv,A2,61018,5956728,4.5,2232.0,1.0,2232.0,2232.0,2024-03-26 00:00:00 UTC,,
698,Universal Videohub SDI Interface card,Vision,LDMtv,"","","",0.2,296.0,63.0,18648.0,296.0,2020-11-21 00:00:00 UTC,,
1262,V-401A.05 - EBU Option Fitted,Vision,LDMtv,"",LDM1451,170000,1.15,600.0,1.0,600.0,600.0,2024-12-16 00:00:00 UTC,,
1225,V-401A.05 - EBU Option Fitted,Vision,LDMtv,"",LDM1457,167745,1.15,600.0,1.0,600.0,600.0,2024-12-10 00:00:00 UTC,,
1266,VFM-056W,Vision,LDMtv,B3,LDM1423,N/A,2.9,885.0,1.0,885.0,885.0,2024-12-16 00:00:00 UTC,,
999,Video Assist,Vision,LDMtv,C3,LDM1050,3482977,1.0,652.0,1.0,652.0,0.0,2024-12-02 00:00:00 UTC,,
550,Videohub Master Control,Vision,LDMtv,A2,61011,2251753,0.8,583.0,1.0,583.0,583.0,2024-06-02 23:00:00 UTC,,
551,Videohub Master Control,Vision,LDMtv,A2,61016,2251751,0.8,583.0,1.0,583.0,583.0,2024-06-02 23:00:00 UTC,,
1433,Videohub Master Control Pro,Vision,LDMtv,A2,61007,8701285,1.05,630.0,1.0,630.0,630.0,2020-12-17 00:00:00 UTC,,
1040,Videotek Compact Monitor,Vision,LDMtv,"",LDM1547,031100492,1.2,4500.0,1.0,4500.0,4500.0,2024-12-09 00:00:00 UTC,,
1229,VidiU,Vision,LDMtv,C2,LDM1429,24517348,0.2,199.0,1.0,199.0,0.0,2024-12-10 00:00:00 UTC,,
1228,VidiU,Vision,LDMtv,C2,LDM1430,24517283D,0.2,199.0,1.0,199.0,0.0,2024-12-10 00:00:00 UTC,,
920,VidiU,Vision,LDMtv,C2,LDM1660,24517284D,0.2,199.0,1.0,199.0,0.0,2024-12-02 00:00:00 UTC,,
890,VidiU-Pro,Vision,LDMtv,B2,LDM1679,21901787,0.2,413.0,1.0,413.0,0.0,2024-12-02 00:00:00 UTC,,
1441,V-LCD 171MD,Vision,LDMtv,T16 TSV,LDM1343,423558182811,3.47,1083.0,1.0,1083.0,1083.0,2020-12-17 00:00:00 UTC,,
945,WDM Media Converter Pair A,Vision,LDMtv,"",5368896,5368896,1.0,20.0,1.0,20.0,20.0,2024-12-02 00:00:00 UTC,,
950,WDM Media Converter Pair B,Vision,LDMtv,"",5368871,5368871,1.0,20.0,1.0,20.0,20.0,2024-12-02 00:00:00 UTC,,
1286,XDIP-PoE,Vision,LDMtv,D,T16-108,2302A0376089,1.6,552.0,1.0,552.0,552.0,2024-12-16 00:00:00 UTC,,
477,XVM-175W,Vision,LDMtv,V16,LDM1158,XV175N0251,6.4,572.0,1.0,572.0,572.0,2024-03-26 00:00:00 UTC,,
1426,XVM-175W,Vision,LDMtv,T16 Sound,LDM1360,XV175M0214,6.4,572.0,1.0,572.0,572.0,2020-12-17 00:00:00 UTC,,
1018,Yellobrik CHD 1812,Vision,LDMtv,B2,LDM0558,02229,0.0,1240.0,1.0,1240.0,0.0,2024-12-03 00:00:00 UTC,,
889,Yellobrik CHD 1812,Vision,LDMtv,B2,LDM1678,02230,0.0,1240.0,1.0,1240.0,0.0,2024-12-02 00:00:00 UTC,,
885,Yellobrik CHD 1812,Vision,LDMtv,"",LDM1686,02231,0.0,1240.0,1.0,1240.0,0.0,2024-12-02 00:00:00 UTC,,
351,Yellobrik ORR 1802,Vision,LDMtv,"",LDM1024,"",0.1,510.0,1.0,510.0,510.0,2023-08-24 23:00:00 UTC,,
1029,Yellobrik ORX 1802,Vision,LDMtv,"",T16-106,01206,0.2,624.0,1.0,624.0,0.0,2024-12-09 00:00:00 UTC,,
1336,Yellobrik OTR 1810,Vision,LDMtv,"",LDM 1799,100008181003260,0.2,490.0,1.0,490.0,490.0,2024-12-17 00:00:00 UTC,,
352,Yellobrik OTT 1842,Vision,LDMtv,"",LDM1022,"",0.1,400.0,1.0,400.0,400.0,2023-08-24 23:00:00 UTC,,
353,Yellobrik OTT 1842,Vision,LDMtv,"",LDM1025,"",0.1,400.0,1.0,400.0,400.0,2023-08-24 23:00:00 UTC,,
354,Yellobrik OTX 1842,Vision,LDMtv,"",LDM1023,"",0.1,340.0,1.0,340.0,340.0,2023-08-24 23:00:00 UTC,,
392,YellowBrik SPG-1707,Vision,LDMtv,T16 Rack,LDM1006,"",0.3,610.0,1.0,610.0,610.0,2023-08-24 23:00:00 UTC,,
1303,850 EVO 1TB SSD,VTR,LDMtv,C2,LDM1413,S2RFNX0K104929F,0.09,90.0,1.0,90.0,90.0,2024-12-16 00:00:00 UTC,,
1302,850 EVO 1TB SSD,VTR,LDMtv,C2,LDM1416,S2RFNX0K105099B,0.09,90.0,1.0,90.0,90.0,2024-12-16 00:00:00 UTC,,
1301,870 EVO 1TB SSD,VTR,LDMtv,C2,LDM1119,S75CNX0W506880E,0.09,90.0,1.0,90.0,90.0,2024-12-16 00:00:00 UTC,,
1299,870 EVO 1TB SSD,VTR,LDMtv,C2,LDM1120,S75CNX0W510537W,0.09,90.0,1.0,90.0,90.0,2024-12-16 00:00:00 UTC,,
1300,870 EVO 1TB SSD,VTR,LDMtv,C2,LDM1121,S75CNX0W509980B,0.09,90.0,1.0,90.0,90.0,2024-12-16 00:00:00 UTC,,
1295,870 QVO 1TB SSD,VTR,LDMtv,C2,LDM1122,S5RRNF0W215670D,0.09,90.0,1.0,90.0,90.0,2024-12-16 00:00:00 UTC,,
1294,870 QVO 1TB SSD,VTR,LDMtv,C2,LDM1124,S5RRNF0W215703T,0.09,90.0,1.0,90.0,90.0,2024-12-16 00:00:00 UTC,,
1293,870 QVO 1TB SSD,VTR,LDMtv,C2,LDM1125,S5RRNF0W215693X,0.09,90.0,1.0,90.0,90.0,2024-12-16 00:00:00 UTC,,
1417,Hyperdeck Studio 12G,VTR,LDMtv,T16,LDM1367,3978116,1.63,1379.0,1.0,1379.0,1379.0,2024-12-17 00:00:00 UTC,,
539,Hyperdeck Studio Mini,VTR,LDMtv,A2,61008,4582370,0.8,405.0,1.0,405.0,405.0,2024-06-02 23:00:00 UTC,,
307,HyperDeck Studio Pro 2,VTR,LDMtv,A2,LDM0543,1727885,1.8,888.0,1.0,888.0,888.0,2023-08-24 23:00:00 UTC,,
538,HyperDeck Studio Pro 2,VTR,LDMtv,A2,LDM1825,4686965,1.8,888.0,1.0,888.0,888.0,2024-06-02 23:00:00 UTC,,
1027,LSM - RCU-XT,VTR,LDMtv,"",LDM1570,R139300,2.6,3124.0,1.0,3124.0,3124.0,2024-12-09 00:00:00 UTC,,
1026,LSM - RCU-XT,VTR,LDMtv,"",LDM1575,R141740,2.6,3124.0,1.0,3124.0,3124.0,2024-12-09 00:00:00 UTC,,
532,PIX270i,VTR,LDMtv,V16,LDM1831,MA0416336006,3.2,3400.0,1.0,3400.0,3400.0,2024-06-02 23:00:00 UTC,,
529,PIX270i,VTR,LDMtv,A2,LDM1834,MA0416336004,3.2,3400.0,1.0,3400.0,3400.0,2024-06-02 23:00:00 UTC,,
530,PIX270i,VTR,LDMtv,A2,LDM1835,MA0417018003,3.2,3400.0,1.0,3400.0,3400.0,2024-06-02 23:00:00 UTC,,
531,PIX270i,VTR,LDMtv,V16,LDM1836,MA04170106007,3.2,3400.0,1.0,3400.0,3400.0,2024-06-02 23:00:00 UTC,,
2019,RCU-VIA,VTR,LDMtv,"",65085,U029810,7.0,7735.0,1.0,7735.0,7.0,2025-07-03 23:00:00 UTC,,
1474,RCU-VIA,VTR,LDMtv,"",LDM1322,U023380,7.0,7735.0,1.0,7735.0,7.0,2024-12-19 00:00:00 UTC,,
1182,Samurai Blade,VTR,LDMtv,C4,LDM1471,B1094SMB50B81,2.4,527.0,1.0,527.0,527.0,2024-12-10 00:00:00 UTC,,
1184,Samurai Blade,VTR,LDMtv,C4,LDM1472,B1094SMB50B85,2.4,527.0,1.0,527.0,527.0,2024-12-10 00:00:00 UTC,,
1185,Samurai Blade,VTR,LDMtv,C4,LDM1473,B1094SMB50B28,2.4,527.0,1.0,527.0,527.0,2024-12-10 00:00:00 UTC,,
1181,Samurai Blade,VTR,LDMtv,C4,LDM1475,n/a,2.4,527.0,1.0,527.0,527.0,2024-12-10 00:00:00 UTC,,
1003,XC8,VTR,LDMtv,"",T16-078,436647,1.2,1918.0,1.0,1918.0,0.0,2024-12-02 00:00:00 UTC,,
439,Xfile 3,VTR,LDMtv,"",LDM1866,A425460,12.2,25000.0,1.0,25000.0,0.0,2024-02-21 00:00:00 UTC,,
438,XT-Go,VTR,LDMtv,"",LDM1865,A427320,36.0,90000.0,1.0,90000.0,0.0,2024-02-21 00:00:00 UTC,,
